parent_molecule_chembl_id,canonical_smiles,pchembl_value,source_target,source_pchembl,standard_type
CHEMBL108166,CNc1nc(Cl)nc2c1ncn2CCC(COP(=O)(O)O)COP(=O)(O)O,3.0,P2Y1,6.08,DECOY_P2Y
CHEMBL69234,Cc1nc(/N=N/c2ccc(S(=O)(=O)O)cc2S(=O)(=O)O)c(COP(=O)(O)O)c(C=O)c1O,3.0,P2Y1,6.00,DECOY_P2Y
CHEMBL2111533,Nc1ncnc2c1ncn2[C@H]1[C@H](O)[C@H](O)[C@]2(COP(=O)(O)OP(=O)(O)OP(=O)(O)O)C[C@H]12,3.0,P2Y1,7.28,DECOY_P2Y
CHEMBL302077,Nc1ncnc2c1ncn2C1C(O)C(O)C2(COP(=O)(O)OP(=O)(O)OP(=O)(O)O)CC12,3.0,P2Y1,7.28,DECOY_P2Y
CHEMBL2373323,Nc1nc(Cl)nc2c1ncn2C1C(O)C(O)[C@@]2(COP(=O)(O)OP(=O)(O)OP(=O)(O)O)C[C@@H]12,3.0,P2Y1,8.15,DECOY_P2Y
CHEMBL2373324,CNc1ncnc2c1ncn2C1C(O)C(O)[C@@]2(COP(=O)(O)OP(=O)(O)OP(=O)(O)O)C[C@@H]12,3.0,P2Y1,7.48,DECOY_P2Y
CHEMBL2373389,CSc1nc(N)c2ncn(C3C(O)C(O)[C@@]4(COP(=O)(O)OP(=O)(O)OP(=O)(O)O)C[C@@H]34)c2n1,3.0,P2Y1,7.64,DECOY_P2Y
CHEMBL2373947,CSc1nc(N)c2ncn([C@H]3[C@H](O)[C@H](O)[C@@]4(COP(=O)(O)O)C[C@@H]34)c2n1,3.0,P2Y1,6.23,DECOY_P2Y
CHEMBL435402,CSc1nc(N)c2ncn([C@@H]3O[C@H](COP(=O)(O)OP(=O)(O)O)[C@@H](O)[C@H]3O)c2n1,3.0,P2Y1,8.19,DECOY_P2Y
CHEMBL2373325,Nc1ncnc2c1ncn2C1C(O)C(O)[C@@]2(COP(=O)(O)OP(=O)(O)CP(=O)(O)O)C[C@H]12,3.0,P2Y1,6.80,DECOY_P2Y
CHEMBL2373948,CSc1nc(N)c2ncn([C@H]3[C@H](O)[C@H](O)[C@@]4(COP(=O)(O)OP(=O)(O)O)C[C@@H]34)c2n1,3.0,P2Y1,9.40,DECOY_P2Y
CHEMBL1368696,Nc1nc(Cl)nc2c1ncn2[C@@H]1O[C@H](COP(=O)(O)OP(=O)(O)OP(=O)(O)O)[C@@H](O)[C@H]1O,3.0,P2Y1,6.11,DECOY_P2Y
CHEMBL336208,CSc1nc(N)c2ncn([C@@H]3O[C@H](COP(=O)(O)OP(=O)(O)OP(=O)(O)O)[C@@H](O)[C@H]3O)c2n1,3.0,P2Y1,7.47,DECOY_P2Y
CHEMBL2373377,CNc1nc(Cl)nc2c1ncn2C1C(O)C(O)[C@@]2(COP(=O)(O)OP(=O)(O)OP(=O)(O)O)C[C@@H]12,3.0,P2Y1,8.05,DECOY_P2Y
CHEMBL129841,CNc1ncnc2c1ncn2[C@H]1C[C@H](OP(=O)(O)O)[C@@H](COP(=O)(O)O)O1,3.0,P2Y1,6.55,DECOY_P2Y
CHEMBL3143671,CNc1nc(C)nc2c1ncn2[C@H]1C[C@H](OP(=O)(O)O)[C@@H](COP(=O)(O)O)O1,3.0,P2Y1,7.11,DECOY_P2Y
CHEMBL356041,CNc1nc([Se]C)nc2c1ncn2C1CC(OP(=O)(O)O)[C@]2(COP(=O)(O)O)C[C@H]12,3.0,P2Y1,7.46,DECOY_P2Y
CHEMBL2112869,CCCCCCc1nc(NC)c2ncn([C@H]3C[C@H](OP(=O)(O)O)[C@]4(COP(=O)(O)O)C[C@H]34)c2n1,3.0,P2Y1,7.10,DECOY_P2Y
CHEMBL2112868,CNc1nc(F)nc2c1ncn2[C@H]1C[C@H](OP(=O)(O)O)[C@]2(COP(=O)(O)O)C[C@H]12,3.0,P2Y1,7.35,DECOY_P2Y
CHEMBL2112863,CNc1ncnc2c1ncn2[C@H]1C[C@H](OP(=O)(O)O)[C@]2(COP(=O)(O)O)C[C@H]12,3.0,P2Y1,7.75,DECOY_P2Y
CHEMBL146342,CNc1nc(Br)nc2c1ncn2C1CC(OP(=O)(O)O)[C@]2(COP(=O)(O)O)C[C@H]12,3.0,P2Y1,8.29,DECOY_P2Y
CHEMBL2112867,CNc1nc(C)nc2c1ncn2[C@H]1C[C@H](OP(=O)(O)O)[C@]2(COP(=O)(O)O)C[C@H]12,3.0,P2Y1,8.44,DECOY_P2Y
CHEMBL2112865,CNc1nc(SC)nc2c1ncn2[C@H]1C[C@H](OP(=O)(O)O)[C@]2(COP(=O)(O)O)C[C@H]12,3.0,P2Y1,7.04,DECOY_P2Y
CHEMBL2112861,CSc1nc(N)c2ncn([C@H]3C[C@H](OP(=O)(O)O)[C@]4(COP(=O)(O)O)C[C@H]34)c2n1,3.0,P2Y1,6.06,DECOY_P2Y
CHEMBL2112866,CCCC/C=C/c1nc(NC)c2ncn([C@H]3C[C@H](OP(=O)(O)O)[C@]4(COP(=O)(O)O)C[C@H]34)c2n1,3.0,P2Y1,6.48,DECOY_P2Y
CHEMBL2112007,CCCC/C=C\c1nc(NC)c2ncn([C@H]3C[C@H](OP(=O)(O)O)[C@]4(COP(=O)(O)O)C[C@H]34)c2n1,3.0,P2Y1,6.37,DECOY_P2Y
CHEMBL343651,Nc1nc(I)nc2c1ncn2C1CC(OP(=O)(O)O)[C@]2(COP(=O)(O)O)C[C@H]12,3.0,P2Y1,7.90,DECOY_P2Y
CHEMBL2112864,CNc1nc(Cl)nc2c1ncn2[C@H]1C[C@H](OP(=O)(O)O)[C@]2(COP(=O)(O)O)C[C@H]12,3.0,P2Y1,8.60,DECOY_P2Y
CHEMBL444278,CNc1nc(I)nc2c1ncn2[C@H]1C[C@H](OP(=O)(O)O)[C@]2(COP(=O)(O)O)C[C@H]12,3.0,P2Y1,9.11,DECOY_P2Y
CHEMBL2029000,BP(=O)(OP(=O)(O)OC[C@H]1O[C@@H](n2ccc(=O)[nH]c2=O)[C@H](O)[C@@H]1O)OP(=O)(O)OC[C@H]1O[C@@H](n2ccc(=O)[nH]c2=O)[C@H](O)[C@@H]1O.CCCCN(CCCC)CCCC.CCCCN(CCCC)CCCC.CCCCN(CCCC)CCCC,3.0,P2Y1,6.10,DECOY_P2Y
CHEMBL2029002,BP(=O)(OP(=O)(O)OP(=O)(O)OC[C@H]1O[C@@H](n2ccc(=O)[nH]c2=O)[C@H](O)[C@@H]1O)OP(=O)(O)OP(=O)(O)OC[C@H]1O[C@@H](n2ccc(=O)[nH]c2=O)[C@H](O)[C@@H]1O.CCCCN(CCCC)CCCC.CCCCN(CCCC)CCCC.CCCCN(CCCC)CCCC.CCCCN(CCCC)CCCC.CCCCN(CCCC)CCCC,3.0,P2Y1,6.10,DECOY_P2Y
CHEMBL227235,CNc1nc(I)nc2c1ncn2CC(CP(=O)(O)O)CP(=O)(O)O,3.0,P2Y1,7.18,DECOY_P2Y
CHEMBL153254,CNc1nc(Cl)nc2c1ncn2CC(CP(=O)(O)O)CP(=O)(O)O,3.0,P2Y1,7.12,DECOY_P2Y
CHEMBL375022,CNc1nc(I)nc2c1ncn2[C@H]1C[C@H](OP(=O)(O)O)[C@]2(CO)C[C@H]12,3.0,P2Y1,6.15,DECOY_P2Y
CHEMBL435930,CNc1nc(-c2ccccc2)nc2c1ncn2[C@H]1C[C@H](OP(=O)(O)O)[C@]2(COP(=O)(O)O)C[C@H]12,3.0,P2Y1,6.56,DECOY_P2Y
CHEMBL390149,C#Cc1nc(NC)c2ncn([C@H]3C[C@H](OP(=O)(O)O)[C@]4(COP(=O)(O)O)C[C@H]34)c2n1,3.0,P2Y1,7.02,DECOY_P2Y
CHEMBL226807,CNc1nc(C(N)=O)nc2c1ncn2[C@H]1C[C@H](OP(=O)(O)O)[C@]2(COP(=O)(O)O)C[C@H]12,3.0,P2Y1,6.19,DECOY_P2Y
CHEMBL375682,CNc1nc(C#N)nc2c1ncn2[C@H]1C[C@H](OP(=O)(O)O)[C@]2(COP(=O)(O)O)C[C@H]12,3.0,P2Y1,6.27,DECOY_P2Y
CHEMBL226857,CNc1nc(C(=O)O)nc2c1ncn2[C@H]1C[C@H](OP(=O)(O)O)[C@]2(COP(=O)(O)O)C[C@H]12,3.0,P2Y1,6.06,DECOY_P2Y
CHEMBL1162201,Nc1ncnc2c1ncn2[C@@H]1O[C@H](COP(=O)(O)OP(=O)(O)OP(=O)(O)OP(=O)(O)OC[C@@H]2O[C@H](n3cnc4c(N)ncnc43)[C@@H](O)[C@H]2O)[C@@H](O)[C@H]1O,3.0,P2Y1,6.37,DECOY_P2Y
CHEMBL403555,Cc1cc(Oc2ccccc2NC(=O)Nc2ccc(OC(F)(F)F)cc2)n(-c2ccccc2)n1,3.0,P2Y1,6.54,DECOY_P2Y
CHEMBL255308,Cc1cc(Oc2ncccc2NC(=O)Nc2ccc(OC(F)(F)F)cc2)n(-c2ccccc2Cl)n1,3.0,P2Y1,6.85,DECOY_P2Y
CHEMBL255307,CCc1ccccc1-n1nc(C)cc1Oc1ncccc1NC(=O)Nc1ccc(OC(F)(F)F)cc1,3.0,P2Y1,7.16,DECOY_P2Y
CHEMBL255447,Cc1cc(Oc2ccccc2NC(=O)Nc2ccc(C3CCOCC3)cc2)n(-c2ccccc2Cl)n1,3.0,P2Y1,6.12,DECOY_P2Y
CHEMBL256141,Cc1cc(Oc2ccccc2NC(=O)Nc2ccc(C3CCCCC3)cc2)n(-c2ccccc2Cl)n1,3.0,P2Y1,7.52,DECOY_P2Y
CHEMBL255724,CCc1ccccc1-n1nc(C)cc1Oc1ccccc1NC(=O)Nc1ccc(C2CCCCC2)cc1,3.0,P2Y1,8.00,DECOY_P2Y
CHEMBL256088,Cc1cc(Oc2ccccc2NC(=O)Nc2ccc(C3CCCC3)cc2)n(-c2ccccc2Cl)n1,3.0,P2Y1,7.52,DECOY_P2Y
CHEMBL256089,Cc1cc(Oc2ccccc2NC(=O)Nc2ccc(C3CC3)cc2)n(-c2ccccc2Cl)n1,3.0,P2Y1,6.92,DECOY_P2Y
CHEMBL402837,CCc1ccccc1-n1nc(C)cc1Oc1ccccc1NC(=O)Nc1ccc(C(F)(F)F)cc1,3.0,P2Y1,7.22,DECOY_P2Y
CHEMBL256776,Cc1cc(Oc2ccccc2NC(=O)Nc2ccc(C(C)(C)C)cc2)n(-c2ccccc2Cl)n1,3.0,P2Y1,7.00,DECOY_P2Y
CHEMBL402563,CCc1ccccc1-n1nc(C)cc1Oc1ccccc1NC(=O)Nc1ccc(Cl)cc1,3.0,P2Y1,6.89,DECOY_P2Y
CHEMBL255310,CCc1ccccc1-n1nc(C)cc1Oc1ccccc1NC(=O)Nc1ccc(Oc2ccccc2)cc1,3.0,P2Y1,6.75,DECOY_P2Y
CHEMBL404869,CCc1ccccc1-n1nc(C)cc1Oc1ccccc1NC(=O)Nc1ccc(OC(C)C)cc1,3.0,P2Y1,6.70,DECOY_P2Y
CHEMBL401657,CCc1ccccc1-n1nc(C)cc1Oc1ccccc1NC(=O)Nc1ccc(OC)cc1,3.0,P2Y1,6.25,DECOY_P2Y
CHEMBL402597,CCc1ccccc1-n1nc(C)cc1Oc1ccccc1NC(=O)Nc1ccccc1,3.0,P2Y1,6.16,DECOY_P2Y
CHEMBL257378,O=C(Nc1ccc(OC(F)(F)F)cc1)Nc1ccccc1Oc1ccnn1-c1ccccc1,3.0,P2Y1,6.57,DECOY_P2Y
CHEMBL255727,COc1ccccc1-n1nc(C)cc1Oc1ccccc1NC(=O)Nc1ccc(OC(F)(F)F)cc1,3.0,P2Y1,6.02,DECOY_P2Y
CHEMBL255726,Cc1cc(Oc2ccccc2NC(=O)Nc2ccc(OC(F)(F)F)cc2)n(-c2ccccc2F)n1,3.0,P2Y1,6.60,DECOY_P2Y
CHEMBL255728,Cc1cc(Oc2ccccc2NC(=O)Nc2ccc(OC(F)(F)F)cc2)n(-c2ccccc2C)n1,3.0,P2Y1,6.82,DECOY_P2Y
CHEMBL403879,Cc1cc(Oc2ccccc2NC(=O)Nc2ccc(OC(F)(F)F)cc2)n(-c2ccccc2C(F)(F)F)n1,3.0,P2Y1,6.89,DECOY_P2Y
CHEMBL257559,Cc1cc(Oc2ccccc2NC(=O)Nc2ccc(OC(F)(F)F)cc2)n(-c2ccccc2C(C)C)n1,3.0,P2Y1,7.22,DECOY_P2Y
CHEMBL257560,Cc1cc(Oc2ccccc2NC(=O)Nc2ccc(OC(F)(F)F)cc2)n(-c2ccc(Cl)cc2)n1,3.0,P2Y1,6.60,DECOY_P2Y
CHEMBL255094,Cc1cc(Oc2ccccc2NC(=O)Nc2ccc(OC(F)(F)F)cc2)n(-c2cccc(Cl)c2)n1,3.0,P2Y1,6.92,DECOY_P2Y
CHEMBL255306,Cc1cc(Oc2ccccc2NC(=O)Nc2ccc(OC(F)(F)F)cc2)n(-c2ccccc2Cl)n1,3.0,P2Y1,7.05,DECOY_P2Y
CHEMBL255095,CCc1ccccc1-n1nc(C)cc1Oc1ccccc1NC(=O)Nc1ccc(C(C)C)cc1,3.0,P2Y1,7.70,DECOY_P2Y
CHEMBL258406,CCc1ccccc1-n1nc(C)cc1Oc1ccccc1NC(=O)Nc1ccc(OC(F)(F)F)cc1,3.0,P2Y1,7.30,DECOY_P2Y
CHEMBL453637,CC[C@@H]1[C@@H](C)[C@H](Nc2ccccc2)c2ccccc2N1C(=O)c1ccc([N+](=O)[O-])cc1,3.0,P2Y1,6.30,DECOY_P2Y
CHEMBL462373,CC[C@@H]1[C@@H](C)[C@H](Nc2ccccc2)c2ccccc2N1C(=O)Nc1cc(Cl)cc(Cl)c1,3.0,P2Y1,6.22,DECOY_P2Y
CHEMBL461326,CC[C@@H]1[C@@H](C)[C@H](Nc2ccccc2)c2ccccc2N1C(=O)Nc1cc(OC)cc(OC)c1,3.0,P2Y1,6.10,DECOY_P2Y
CHEMBL462369,CC[C@@H]1[C@@H](C)[C@H](Nc2ccccc2)c2ccccc2N1C(=O)Nc1cccc(Br)c1,3.0,P2Y1,6.00,DECOY_P2Y
CHEMBL454913,CC[C@@H]1[C@@H](C)[C@H](Nc2ccccc2)c2ccccc2N1C(=O)Nc1cccc(Cl)c1,3.0,P2Y1,6.00,DECOY_P2Y
CHEMBL454910,CC[C@@H]1[C@@H](C)[C@H](Nc2ccccc2)c2ccccc2N1C(=O)c1ccc(Br)cc1,3.0,P2Y1,6.10,DECOY_P2Y
CHEMBL518042,CC[C@@H]1[C@@H](C)[C@H](Nc2ccccc2)c2ccccc2N1C(=O)c1ccc(OC(F)(F)F)cc1,3.0,P2Y1,6.00,DECOY_P2Y
CHEMBL518040,CC[C@@H]1[C@@H](C)[C@H](Nc2ccccc2)c2ccccc2N1C(=O)c1ccc(OC)cc1,3.0,P2Y1,6.10,DECOY_P2Y
CHEMBL516508,CC[C@@H]1C[C@H](Nc2ccccc2)c2ccccc2N1C(=O)c1ccc(OC)cc1,3.0,P2Y1,6.10,DECOY_P2Y
CHEMBL461325,CC[C@@H]1[C@@H](C)[C@H](Nc2ccccc2)c2ccccc2N1C(=O)Nc1ccccc1,3.0,P2Y1,6.40,DECOY_P2Y
CHEMBL518823,CC[C@@H]1[C@@H](C)[C@H](Nc2ccccc2)c2ccccc2N1C(=O)Nc1cccc(OC)c1,3.0,P2Y1,6.30,DECOY_P2Y
CHEMBL462367,CC[C@@H]1[C@@H](C)[C@H](Nc2ccccc2)c2ccccc2N1C(=O)Nc1ccc(Cl)cc1,3.0,P2Y1,6.52,DECOY_P2Y
CHEMBL461532,CC[C@@H]1[C@@H](C)[C@H](Nc2ccccc2)c2ccccc2N1C(=O)c1ccc(Cl)cc1,3.0,P2Y1,6.40,DECOY_P2Y
CHEMBL603128,Nc1nc(Cl)nc2c1ncn2[C@H]1[C@H](O)[C@H](O)[C@@]2(COP(=O)(O)O)C[C@H]12,3.0,P2Y1,6.14,DECOY_P2Y
CHEMBL2309024,[BH3-]P(=O)(OC[C@H]1O[C@@H](n2cnc3c(N)nc(SC)nc32)[C@H](O)[C@H]1O)OP(=O)([O-])OP(=O)([O-])[O-].[Na+].[Na+].[Na+].[Na+],3.0,P2Y1,8.59,DECOY_P2Y
CHEMBL591433,CSc1nc(N)c2ncn([C@@H]3O[C@H](COP(=O)([O-])CP(=O)([O-])OP(=O)([O-])OP(=O)([O-])OC[C@H]4O[C@@H](n5cnc6c(N)nc(SC)nc65)[C@H](O)[C@@H]4O)[C@@H](O)[C@H]3O)c2n1.[Na+].[Na+].[Na+].[Na+],3.0,P2Y1,6.38,DECOY_P2Y
CHEMBL591434,CSc1nc(N)c2ncn([C@@H]3O[C@H](COP(=O)([O-])OP(=O)([O-])CP(=O)([O-])OP(=O)([O-])OC[C@H]4O[C@@H](n5cnc6c(N)nc(SC)nc65)[C@H](O)[C@@H]4O)[C@@H](O)[C@H]3O)c2n1.[Na+].[Na+].[Na+].[Na+],3.0,P2Y1,6.34,DECOY_P2Y
CHEMBL591905,Nc1ncnc2c1ncn2[C@H]1O[C@@H](COP(=O)(O)OP(=O)(O)OP(=O)(O)OC[C@@H]2O[C@H](n3cnc4c(N)ncnc43)[C@@H](O)[C@H]2O)[C@H](O)[C@@H]1O,3.0,P2Y1,7.96,DECOY_P2Y
CHEMBL14249,Nc1ncnc2c1ncn2[C@@H]1O[C@H](COP(=O)(O)OP(=O)(O)OP(=O)(O)O)[C@@H](O)[C@H]1O,3.0,P2Y1,6.70,DECOY_P2Y
CHEMBL14830,Nc1ncnc2c1ncn2[C@@H]1O[C@H](COP(=O)(O)OP(=O)(O)O)[C@@H](O)[C@H]1O,3.0,P2Y1,7.85,DECOY_P2Y
CHEMBL590527,CSc1nc(N)c2ncn([C@@H]3O[C@H](COP(=O)(O)OP(=O)(O)CP(=O)(O)O)[C@@H](O)[C@H]3O)c2n1,3.0,P2Y1,7.10,DECOY_P2Y
CHEMBL1096400,CNc1ncnc2c1ncn2[C@H]1C[C@H](OP(=O)(O)O)[C@@H](COP(=O)(O)O)O1.N.N,3.0,P2Y1,6.29,DECOY_P2Y
CHEMBL1169909,CCCCCc1ccc(NC(=O)Nc2cccc3cc(-c4ccccc4C(C)C)oc23)cc1,3.0,P2Y1,6.20,DECOY_P2Y
CHEMBL1172139,CC(C)c1ccccc1-c1cc2cccc(NC(=O)Nc3ccc(OC(F)(F)F)cc3)c2o1,3.0,P2Y1,6.22,DECOY_P2Y
CHEMBL1170183,CC(C)(C)c1ccccc1-c1cc2cccc(NC(=O)Nc3ccc(OC(F)(F)F)cc3)c2o1,3.0,P2Y1,6.40,DECOY_P2Y
CHEMBL1170327,CCCCOc1ccc(NC(=O)Nc2cccc3cc(-c4ccccc4C(C)C)oc23)cc1,3.0,P2Y1,6.19,DECOY_P2Y
CHEMBL1170328,CC(C)c1ccccc1-c1cc2cccc(NC(=O)Nc3ccc(Cl)cc3)c2o1,3.0,P2Y1,6.12,DECOY_P2Y
CHEMBL1172466,CC(C)c1ccccc1-c1cc2cccc(NC(=O)Nc3ccc(C(C)(C)C)cc3)c2o1,3.0,P2Y1,6.52,DECOY_P2Y
CHEMBL1802094,[BH3-]P(=O)(OP(=O)([O-])CP(=O)([O-])OC[C@H]1O[C@@H](n2cnc3c(N)ncnc32)[C@H](O)[C@@H]1O)OP(=O)([O-])CP(=O)([O-])OC[C@H]1O[C@@H](n2cnc3c(N)ncnc32)[C@H](O)[C@@H]1O.[Na+].[Na+].[Na+].[Na+].[Na+],3.0,P2Y1,6.52,DECOY_P2Y
CHEMBL1518422,Cc1noc(NS(=O)(=O)c2ccc(NC(=O)Nc3ccc(Cl)c(Cl)c3)cc2)c1C,3.0,P2Y1,6.85,DECOY_P2Y
CHEMBL2071539,Cc1ccc(NC(=O)Nc2ccc(S(=O)(=O)Nc3onc(C)c3C)cc2)cc1C,3.0,P2Y1,6.89,DECOY_P2Y
CHEMBL2333773,CC(C)c1ccccc1Oc1ncccc1NC(=O)Nc1ccc(OC(F)(F)F)cc1,3.0,P2Y1,7.80,DECOY_P2Y
CHEMBL2333772,CC(C)c1ccccc1Oc1ncccc1NC(=O)Nc1ccc(C(C)(C)C)cc1,3.0,P2Y1,8.15,DECOY_P2Y
CHEMBL2333771,CC(C)(C)c1ccc(NC(=O)Nc2cccnc2Oc2ccccc2C(C)(C)C)cc1,3.0,P2Y1,8.10,DECOY_P2Y
CHEMBL2333770,CC(C)(C)c1ccccc1Oc1ncccc1NC(=O)Nc1ccc(OC(F)(F)F)cc1,3.0,P2Y1,8.22,DECOY_P2Y
CHEMBL2333768,Cc1ccc(NC(=O)Nc2cccnc2Nc2ccccc2C(C)(C)C)cc1,3.0,P2Y1,6.76,DECOY_P2Y
CHEMBL2333767,Cc1ccc(NC(=O)Nc2cccnc2Sc2ccccc2C(C)(C)C)cc1,3.0,P2Y1,7.70,DECOY_P2Y
CHEMBL2333766,Cc1ccc(NC(=O)Nc2cccnc2Oc2ccccc2C(C)(C)C)cc1,3.0,P2Y1,8.15,DECOY_P2Y
CHEMBL2333763,O=C(Nc1ccc(F)cc1F)Nc1cccnc1Oc1ccccc1C(F)(F)F,3.0,P2Y1,6.76,DECOY_P2Y
CHEMBL2333762,CCc1ccccc1Oc1ncccc1NC(=O)Nc1ccc(F)cc1F,3.0,P2Y1,7.11,DECOY_P2Y
CHEMBL2333761,CC(C)c1ccccc1Oc1ncccc1NC(=O)Nc1ccc(F)cc1F,3.0,P2Y1,7.55,DECOY_P2Y
CHEMBL2333760,CC(C)(C)c1cccc(Oc2ncccc2NC(=O)Nc2ccc(F)cc2F)c1,3.0,P2Y1,7.48,DECOY_P2Y
CHEMBL2333759,CC(C)(C)c1ccccc1Oc1ncccc1NC(=O)Nc1ccc(F)cc1F,3.0,P2Y1,7.75,DECOY_P2Y
CHEMBL2333756,O=C(Nc1cc(Cl)cc(Cl)c1)Nc1cccnc1Oc1cccc(C(F)(F)F)c1,3.0,P2Y1,6.77,DECOY_P2Y
CHEMBL2333361,O=C(Nc1ccc(Cl)c(Cl)c1)Nc1cccnc1Oc1cccc(C(F)(F)F)c1,3.0,P2Y1,7.08,DECOY_P2Y
CHEMBL2333360,COC(=O)c1ccc(NC(=O)Nc2cccnc2Oc2cccc(C(F)(F)F)c2)cc1,3.0,P2Y1,6.19,DECOY_P2Y
CHEMBL2333359,N#Cc1ccc(NC(=O)Nc2cccnc2Oc2cccc(C(F)(F)F)c2)cc1,3.0,P2Y1,6.24,DECOY_P2Y
CHEMBL2333358,CN(C)c1ccc(NC(=O)Nc2cccnc2Oc2cccc(C(F)(F)F)c2)cc1,3.0,P2Y1,6.30,DECOY_P2Y
CHEMBL2333357,COc1ccc(NC(=O)Nc2cccnc2Oc2cccc(C(F)(F)F)c2)cc1,3.0,P2Y1,7.68,DECOY_P2Y
CHEMBL2333356,O=C(Nc1ccc(-c2ccccc2)cc1)Nc1cccnc1Oc1cccc(C(F)(F)F)c1,3.0,P2Y1,7.55,DECOY_P2Y
CHEMBL2333355,O=C(Nc1ccc(OC(F)(F)F)cc1)Nc1cccnc1Oc1cccc(C(F)(F)F)c1,3.0,P2Y1,6.50,DECOY_P2Y
CHEMBL2333354,CC(C)(C)c1ccc(NC(=O)Nc2cccnc2Oc2cccc(C(F)(F)F)c2)cc1,3.0,P2Y1,7.51,DECOY_P2Y
CHEMBL2333353,Cc1ccc(NC(=O)Nc2cccnc2Oc2cccc(C(F)(F)F)c2)cc1,3.0,P2Y1,7.32,DECOY_P2Y
CHEMBL2333352,O=C(Nc1ccc(Cl)cc1)Nc1cccnc1Oc1cccc(C(F)(F)F)c1,3.0,P2Y1,7.16,DECOY_P2Y
CHEMBL2333351,O=C(Nc1ccc(F)cc1)Nc1cccnc1Oc1cccc(C(F)(F)F)c1,3.0,P2Y1,6.84,DECOY_P2Y
CHEMBL2333350,O=C(Nc1cccc(Cl)c1)Nc1cccnc1Oc1cccc(C(F)(F)F)c1,3.0,P2Y1,6.89,DECOY_P2Y
CHEMBL2333349,O=C(Nc1cccc(F)c1)Nc1cccnc1Oc1cccc(C(F)(F)F)c1,3.0,P2Y1,6.22,DECOY_P2Y
CHEMBL2333776,O=C(Nc1ccccc1F)Nc1cccnc1Oc1cccc(C(F)(F)F)c1,3.0,P2Y1,7.33,DECOY_P2Y
CHEMBL2333775,O=C(Nc1ccccc1)Nc1cccnc1Oc1cccc(C(F)(F)F)c1,3.0,P2Y1,6.77,DECOY_P2Y
CHEMBL2333774,O=C(Nc1ccc(F)cc1F)Nc1cccnc1Oc1cccc(C(F)(F)F)c1,3.0,P2Y1,7.12,DECOY_P2Y
CHEMBL2381908,CC(C)CN1CCC(COc2ccc(NC(=O)Nc3cccnc3Oc3ccccc3C(C)(C)C)c(F)c2)CC1,3.0,P2Y1,7.52,DECOY_P2Y
CHEMBL2381907,CC(C)CN1CCC(COc2ccc(NC(=O)Nc3cccnc3Oc3ccccc3C(C)(C)C)cc2)CC1,3.0,P2Y1,7.06,DECOY_P2Y
CHEMBL2381906,CC(C)CCN1CCC(COc2ccc(NC(=O)Nc3cccnc3Oc3ccccc3C(C)(C)C)c(F)c2)CC1,3.0,P2Y1,6.92,DECOY_P2Y
CHEMBL2381905,CC(C)N1CCC(COc2ccc(NC(=O)Nc3cccnc3Oc3ccccc3C(C)(C)C)c(F)c2)CC1,3.0,P2Y1,6.00,DECOY_P2Y
CHEMBL2381904,CC(C)(C)c1ccccc1Oc1ncccc1NC(=O)Nc1ccc(OCC2CCN(Cc3ccccc3)CC2)cc1F,3.0,P2Y1,7.96,DECOY_P2Y
CHEMBL2381903,CN(C)CC(C)(C)COc1ccc(NC(=O)Nc2cccnc2Oc2ccccc2C(C)(C)C)c(F)c1,3.0,P2Y1,7.28,DECOY_P2Y
CHEMBL2381902,CN(C)CC(C)(C)COc1ccc(NC(=O)Nc2cccnc2Oc2ccccc2[Si](C)(C)C)cc1,3.0,P2Y1,6.79,DECOY_P2Y
CHEMBL2381901,CN(C)CC(C)(C)COc1ccc(NC(=O)Nc2cccnc2Oc2ccccc2C(C)(C)C)cc1,3.0,P2Y1,6.86,DECOY_P2Y
CHEMBL2381900,CN(C)Cc1ccc(-c2ccc(NC(=O)Nc3cccnc3Oc3ccccc3C(C)(C)C)c(F)c2)cc1,3.0,P2Y1,7.43,DECOY_P2Y
CHEMBL2381899,CN(C)Cc1cccc(-c2ccc(NC(=O)Nc3cccnc3Oc3ccccc3C(C)(C)C)c(F)c2)c1,3.0,P2Y1,7.47,DECOY_P2Y
CHEMBL2381898,CN(C)Cc1ccccc1-c1ccc(NC(=O)Nc2cccnc2Oc2ccccc2C(C)(C)C)c(F)c1,3.0,P2Y1,7.77,DECOY_P2Y
CHEMBL2381897,CN(C)Cc1ccc(NC(=O)Nc2cccnc2Oc2ccccc2C(C)(C)C)c(F)c1,3.0,P2Y1,6.49,DECOY_P2Y
CHEMBL2381896,CC(C)(C)c1ccccc1Oc1ncccc1NC(=O)Nc1ccc(N2CCOCC2)cc1F,3.0,P2Y1,7.60,DECOY_P2Y
CHEMBL2381895,CC(C)(C)c1ccccc1Oc1ncccc1NC(=O)Nc1ccc(N2CCCCC2)cc1,3.0,P2Y1,7.96,DECOY_P2Y
CHEMBL2381894,CC(C)(C)c1ccccc1Oc1ncccc1NC(=O)Nc1ccc(N2CCN(Cc3ccccc3)CC2)cc1,3.0,P2Y1,8.15,DECOY_P2Y
CHEMBL2381893,CN1CCN(c2ccc(NC(=O)Nc3cccnc3Oc3ccccc3C(C)(C)C)cc2)CC1,3.0,P2Y1,6.23,DECOY_P2Y
CHEMBL2381891,CC(C)(C)c1ccccc1Oc1ncccc1NC(=O)Nc1ccc(-c2ccccc2CO)cc1F,3.0,P2Y1,7.27,DECOY_P2Y
CHEMBL2381889,CC(C)(C)c1ccccc1Oc1ncccc1NC(=O)Nc1ccc(C2(CO)CC2)cc1,3.0,P2Y1,6.75,DECOY_P2Y
CHEMBL2381888,COC(=O)C1(c2ccc(NC(=O)Nc3cccnc3Oc3ccccc3C(C)(C)C)cc2)CC1,3.0,P2Y1,8.15,DECOY_P2Y
CHEMBL2381887,COCC1(c2ccc(NC(=O)Nc3cccnc3Oc3ccccc3C(C)(C)C)cc2)CC1,3.0,P2Y1,7.75,DECOY_P2Y
CHEMBL2386498,B[P@@](=O)(OC[C@H]1O[C@@H](n2cnc3c(N)ncnc32)[C@H](O)[C@@H]1O)OP(=O)(O)OP(=O)(O)OP(=O)(O)OP(=O)(O)OC[C@H]1O[C@@H](n2cnc3c(N)ncnc32)[C@H](O)[C@@H]1O,3.0,P2Y1,6.70,DECOY_P2Y
CHEMBL2386496,B[P@](=O)(OC[C@H]1O[C@@H](n2cnc3c(N)nc(Cl)nc32)[C@H](O)[C@@H]1O)OP(=O)(O)C(Cl)(Cl)P(=O)(O)O,3.0,P2Y1,6.02,DECOY_P2Y
CHEMBL2386495,B[P@@](=O)(OC[C@H]1O[C@@H](n2cnc3c(N)nc(Cl)nc32)[C@H](O)[C@@H]1O)OP(=O)(O)C(Cl)(Cl)P(=O)(O)O,3.0,P2Y1,6.82,DECOY_P2Y
CHEMBL2386493,B[P@@](=O)(OC[C@H]1O[C@@H](n2cnc3c(N)nc(Cl)nc32)[C@H](O)[C@@H]1O)OP(=O)(O)OP(=O)(O)O,3.0,P2Y1,7.13,DECOY_P2Y
CHEMBL2386492,B[P@](=O)(OC[C@H]1O[C@@H](n2cnc3c(N)nc(Cl)nc32)[C@H](O)[C@@H]1O)OP(=O)(O)O,3.0,P2Y1,6.22,DECOY_P2Y
CHEMBL3392138,B[P@@](=O)(OC[C@H]1O[C@@H](n2cnc3c(N)nc(Cl)nc32)[C@H](O)[C@@H]1O)OP(=O)(O)O,3.0,P2Y1,8.15,DECOY_P2Y
CHEMBL2181939,[BH3-][P@@](=O)(OC[C@H]1O[C@@H](n2cnc3c(N)ncnc32)[C@H](O)[C@@H]1O)OP(=O)([O-])[O-].[Na+].[Na+].[Na+],3.0,P2Y1,6.52,DECOY_P2Y
CHEMBL437508,Nc1ncnc2c1ncn2[C@@H]1O[C@H](COP(=O)(O)OP(=O)(O)OP(=O)(O)OP(=O)(O)OP(=O)(O)OC[C@H]2O[C@@H](n3cnc4c(N)ncnc43)[C@H](O)[C@@H]2O)[C@@H](O)[C@H]1O,3.0,P2Y1,6.12,DECOY_P2Y
CHEMBL2393195,CCOC(=O)c1nnc(Nc2cccnc2Oc2ccccc2C(C)(C)C)s1,3.0,P2Y1,7.05,DECOY_P2Y
CHEMBL2393209,CC(C)(C)c1ccccc1Oc1ncccc1Nc1nnc(-c2ccncc2)s1,3.0,P2Y1,6.56,DECOY_P2Y
CHEMBL2393208,CC(C)(C)c1ccccc1Oc1ncccc1Nc1nnc(-c2cccnc2)s1,3.0,P2Y1,6.47,DECOY_P2Y
CHEMBL2393207,CC(C)(C)c1ccccc1Oc1ncccc1Nc1nnc(-c2ccccn2)s1,3.0,P2Y1,7.68,DECOY_P2Y
CHEMBL2393206,CC(C)(C)c1ccccc1Oc1ncccc1Nc1nnc(-c2ccc3ccccc3c2)s1,3.0,P2Y1,7.75,DECOY_P2Y
CHEMBL2393205,CN(C)Cc1cccc(-c2nnc(Nc3cccnc3Oc3ccccc3C(C)(C)C)s2)c1,3.0,P2Y1,6.17,DECOY_P2Y
CHEMBL2393204,CN(C)Cc1ccc(-c2nnc(Nc3cccnc3Oc3ccccc3C(C)(C)C)s2)cc1,3.0,P2Y1,6.60,DECOY_P2Y
CHEMBL2393203,CN(C)c1cccc(-c2nnc(Nc3cccnc3Oc3ccccc3C(C)(C)C)s2)c1,3.0,P2Y1,7.26,DECOY_P2Y
CHEMBL2393202,CN(C)c1ccc(-c2nnc(Nc3cccnc3Oc3ccccc3C(C)(C)C)s2)cc1,3.0,P2Y1,7.57,DECOY_P2Y
CHEMBL2393201,CC(C)(C)c1ccccc1Oc1ncccc1Nc1nnc(-c2ccc(C(F)(F)F)cc2)s1,3.0,P2Y1,8.15,DECOY_P2Y
CHEMBL2393200,CC(C)(C)c1ccccc1Oc1ncccc1Nc1nnc(-c2ccc(OC(F)(F)F)cc2)s1,3.0,P2Y1,8.00,DECOY_P2Y
CHEMBL2393198,CC(C)(C)c1ccccc1Oc1ncccc1Nc1cc(-c2ccccc2)[nH]n1,3.0,P2Y1,6.06,DECOY_P2Y
CHEMBL2393196,Cn1nc(Nc2cccnc2Oc2ccccc2C(C)(C)C)cc1-c1ccccc1,3.0,P2Y1,7.35,DECOY_P2Y
CHEMBL2393220,CC(C)(C)c1ccccc1Oc1ncccc1Nc1cc(-c2ccccc2)no1,3.0,P2Y1,7.64,DECOY_P2Y
CHEMBL2393219,CC(C)(C)c1ccccc1Oc1ncccc1Nc1cc(-c2ccccc2)on1,3.0,P2Y1,7.72,DECOY_P2Y
CHEMBL2393217,CC(C)(C)c1ccccc1Oc1ncccc1Nc1noc(-c2ccccc2)n1,3.0,P2Y1,6.39,DECOY_P2Y
CHEMBL2393216,CC(C)(C)c1ccccc1Oc1ncccc1Nc1nnc(-c2ccccc2)o1,3.0,P2Y1,7.16,DECOY_P2Y
CHEMBL2393214,CC(C)(C)c1ccccc1Oc1ncccc1Nc1nc(-c2ccccc2)ns1,3.0,P2Y1,7.60,DECOY_P2Y
CHEMBL2393213,CC(C)(C)c1ccccc1Oc1ncccc1Nc1nnc(-c2ccccc2)s1,3.0,P2Y1,7.96,DECOY_P2Y
CHEMBL2393212,CC(C)(C)c1ccccc1Oc1ncccc1Nc1ncc(-c2ccccc2)o1,3.0,P2Y1,7.23,DECOY_P2Y
CHEMBL2393210,CC(C)(C)c1ccccc1Oc1ncccc1NC(=O)Nc1ccccc1,3.0,P2Y1,7.39,DECOY_P2Y
CHEMBL2390979,CC(C)(C)c1ccccc1Oc1ncccc1NC(=O)Nc1ccc(C(F)(F)F)cc1,3.0,P2Y1,7.82,DECOY_P2Y
CHEMBL2393211,CC(C)(C)c1ccccc1Oc1ncccc1Nc1ncc(-c2ccccc2)s1,3.0,P2Y1,7.82,DECOY_P2Y
CHEMBL2401864,CN(C)CC(C)(C)COc1cccc(-c2sc(Nc3cccnc3Oc3ccccc3C(C)(C)C)nc2C(F)(F)F)c1,3.0,P2Y1,7.92,DECOY_P2Y
CHEMBL2401863,CC(C)(C)c1ccccc1Oc1ncccc1Nc1nc(C(F)(F)F)c(-c2cccc(O)c2)s1,3.0,P2Y1,6.71,DECOY_P2Y
CHEMBL2401862,CC(C)(C)c1ccccc1Oc1ncccc1Nc1nc(C(F)(F)F)c(-c2ccccc2O)s1,3.0,P2Y1,6.36,DECOY_P2Y
CHEMBL2401861,CC(C)(C)c1ccccc1Oc1ncccc1Nc1nc(C(F)(F)F)c(-c2ccc(C#N)cc2)s1,3.0,P2Y1,7.89,DECOY_P2Y
CHEMBL2401860,CC(C)(C)c1ccccc1Oc1ncccc1Nc1nc(C(F)(F)F)c(-c2ccc(OC(F)(F)F)cc2)s1,3.0,P2Y1,7.92,DECOY_P2Y
CHEMBL2401859,COc1ccc(-c2sc(Nc3cccnc3Oc3ccccc3C(C)(C)C)nc2C(F)(F)F)cc1,3.0,P2Y1,8.10,DECOY_P2Y
CHEMBL2401858,COc1cccc(-c2sc(Nc3cccnc3Oc3ccccc3C(C)(C)C)nc2C(F)(F)F)c1,3.0,P2Y1,8.10,DECOY_P2Y
CHEMBL2401857,CC(C)(C)c1ccccc1Oc1ncccc1Nc1nc(C(F)(F)F)c(-c2ccccc2F)s1,3.0,P2Y1,8.15,DECOY_P2Y
CHEMBL2401856,Cc1ccc(-c2sc(Nc3cccnc3Oc3ccccc3C(C)(C)C)nc2C(F)(F)F)cc1,3.0,P2Y1,8.10,DECOY_P2Y
CHEMBL2401855,Cc1ccccc1-c1sc(Nc2cccnc2Oc2ccccc2C(C)(C)C)nc1C(F)(F)F,3.0,P2Y1,7.96,DECOY_P2Y
CHEMBL2401805,CC(C)(C)c1ccccc1Oc1ncccc1Nc1nc(C(F)(F)F)c(C#N)s1,3.0,P2Y1,7.68,DECOY_P2Y
CHEMBL2401853,Cc1noc(-c2sc(Nc3cccnc3Oc3ccccc3C(C)(C)C)nc2C(F)(F)F)n1,3.0,P2Y1,8.22,DECOY_P2Y
CHEMBL2401804,CCOC(=O)c1sc(Nc2cccnc2Oc2ccccc2C(C)(C)C)nc1C(F)(F)F,3.0,P2Y1,8.30,DECOY_P2Y
CHEMBL2401802,CN(C)C(=O)c1nc(Nc2cccnc2Oc2ccccc2C(C)(C)C)sc1-c1ccccc1,3.0,P2Y1,6.73,DECOY_P2Y
CHEMBL2401803,Cc1sc(Nc2cccnc2Oc2ccccc2C(C)(C)C)nc1C(F)(F)F,3.0,P2Y1,7.96,DECOY_P2Y
CHEMBL2401801,CC(C)(C)c1ccccc1Oc1ncccc1Nc1nc(C(C)(C)CC(=O)O)c(-c2ccccc2)s1,3.0,P2Y1,6.68,DECOY_P2Y
CHEMBL2401800,CC(C)(C)c1ccccc1Oc1ncccc1Nc1nc(C(F)(F)F)c(-c2ccccc2)s1,3.0,P2Y1,8.15,DECOY_P2Y
CHEMBL2401798,CCc1nc(Nc2cccnc2Oc2ccccc2C(C)(C)C)sc1-c1ccccc1,3.0,P2Y1,7.92,DECOY_P2Y
CHEMBL2401799,CC(C)(C)c1ccccc1Oc1ncccc1Nc1nc(C(C)(C)C)c(-c2ccccc2)s1,3.0,P2Y1,7.51,DECOY_P2Y
CHEMBL3092615,CCCN1CCc2c(cccc2Oc2ncccc2NC(=O)Nc2ccc(OC(F)(F)F)cc2)C1,3.0,P2Y1,6.21,DECOY_P2Y
CHEMBL3092617,CC(C)N1CCc2c(cccc2Oc2ncccc2NC(=O)Nc2ccc(OC(F)(F)F)cc2)C1,3.0,P2Y1,6.25,DECOY_P2Y
CHEMBL3092621,O=C(Nc1ccc(OC(F)(F)F)cc1)Nc1cccnc1Oc1cccc2c1CCN(CCc1ccccc1)C2,3.0,P2Y1,6.54,DECOY_P2Y
CHEMBL3092625,O=C(Nc1ccc(OC(F)(F)F)cc1)Nc1cccnc1Oc1cccc2c1CCN(Cc1ccccc1O)C2,3.0,P2Y1,6.58,DECOY_P2Y
CHEMBL3092619,CC(C)(C)CCN1CCc2c(cccc2Oc2ncccc2NC(=O)Nc2ccc(OC(F)(F)F)cc2)C1,3.0,P2Y1,6.72,DECOY_P2Y
CHEMBL3092632,CC(C)CN1CCC(c2ccccc2Oc2ncccc2NC(=O)Nc2ccc(OC(F)(F)F)cc2)CC1,3.0,P2Y1,6.82,DECOY_P2Y
CHEMBL3092633,O=C(Nc1ccc(OC(F)(F)F)cc1)Nc1cccnc1Oc1ccccc1C1CCN(Cc2ccccc2)CC1,3.0,P2Y1,7.01,DECOY_P2Y
CHEMBL3092628,CC(C)CN1Cc2cccc(Oc3ncccc3NC(=O)Nc3ccc(OC(F)(F)F)cc3)c2C1,3.0,P2Y1,7.17,DECOY_P2Y
CHEMBL3092614,CC(C)CN1CCc2c(cccc2Oc2ncccc2NC(=O)Nc2ccc(OC(F)(F)F)cc2)C1,3.0,P2Y1,7.22,DECOY_P2Y
CHEMBL3092629,CN1Cc2cccc(Oc3ncccc3NC(=O)Nc3ccc(OC(F)(F)F)cc3)c2C1C(C)(C)C,3.0,P2Y1,7.24,DECOY_P2Y
CHEMBL3092620,O=C(Nc1ccc(OC(F)(F)F)cc1)Nc1cccnc1Oc1cccc2c1CCN(Cc1ccccc1)C2,3.0,P2Y1,7.26,DECOY_P2Y
CHEMBL3091475,CC(C)(C)CN1Cc2cccc(Oc3ncccc3NC(=O)Nc3ccc(OC(F)(F)F)cc3)c2C1,3.0,P2Y1,7.54,DECOY_P2Y
CHEMBL3092631,CC(C)(C)CN1CCC(c2ccccc2Oc2ncccc2NC(=O)Nc2ccc(OC(F)(F)F)cc2)CC1,3.0,P2Y1,7.80,DECOY_P2Y
CHEMBL3092613,CC(C)(C)CN1CCc2c(cccc2Oc2ncccc2NC(=O)Nc2ccc(OC(F)(F)F)cc2)C1,3.0,P2Y1,7.96,DECOY_P2Y
CHEMBL3103623,O=C(Nc1ccc(OC(F)(F)F)cc1)Nc1cccnc1-c1cc2ccccc2[nH]1,3.0,P2Y1,6.64,DECOY_P2Y
CHEMBL3103624,O=C(Nc1ccc(OC(F)(F)F)cc1)Nc1ccccc1-c1cc2ccccc2[nH]1,3.0,P2Y1,7.12,DECOY_P2Y
CHEMBL3103628,O=C(Nc1ccc(OC(F)(F)F)cc1)Nc1ccccc1N1CCCCc2ccccc21,3.0,P2Y1,6.08,DECOY_P2Y
CHEMBL3104632,CN1CCC2(CC1)CN(c1ccccc1NC(=O)Nc1ccc(OC(F)(F)F)cc1)c1ccccc12,3.0,P2Y1,6.16,DECOY_P2Y
CHEMBL3105197,CC(C)(C)CN1CCC2(CC1)CN(c1ccccc1NC(=O)Nc1ccc(OC(F)(F)F)cc1)c1ccncc12,3.0,P2Y1,6.21,DECOY_P2Y
CHEMBL3105198,CC(C)(C)CN1CCC2(CC1)CN(c1ccccc1NC(=O)Nc1ccc(OC(F)(F)F)cc1)c1ncccc12,3.0,P2Y1,6.30,DECOY_P2Y
CHEMBL3104629,COCCN1CCC2(CC1)CN(c1ccccc1NC(=O)Nc1ccc(OC(F)(F)F)cc1)c1ccccc12,3.0,P2Y1,6.41,DECOY_P2Y
CHEMBL3104633,CC(C)N1CCC2(CC1)CN(c1ccccc1NC(=O)Nc1ccc(OC(F)(F)F)cc1)c1ccccc12,3.0,P2Y1,6.52,DECOY_P2Y
CHEMBL3104631,CC(C)NC(=O)N1CCC2(CC1)CN(c1ccccc1NC(=O)Nc1ccc(OC(F)(F)F)cc1)c1ccccc12,3.0,P2Y1,6.70,DECOY_P2Y
CHEMBL3103633,CN1CCN(c2ccccc2NC(=O)Nc2ccc(OC(F)(F)F)cc2)c2ccccc21,3.0,P2Y1,7.03,DECOY_P2Y
CHEMBL3103631,O=C(Nc1ccc(OC(F)(F)F)cc1)Nc1ccccc1N1CCOc2ccccc21,3.0,P2Y1,7.19,DECOY_P2Y
CHEMBL3103632,CC1(C)CN(c2ccccc2NC(=O)Nc2ccc(OC(F)(F)F)cc2)c2ccccc2O1,3.0,P2Y1,7.41,DECOY_P2Y
CHEMBL3104625,O=C(Nc1ccc(OC(F)(F)F)cc1)Nc1ccccc1N1CC2(CCN(C(=O)OCc3ccccc3)CC2)c2ccccc21,3.0,P2Y1,7.44,DECOY_P2Y
CHEMBL3103629,O=C(Nc1ccc(OC(F)(F)F)cc1)Nc1ccccc1N1CCCc2ccccc21,3.0,P2Y1,7.44,DECOY_P2Y
CHEMBL3103630,CC1CCN(c2ccccc2NC(=O)Nc2ccc(OC(F)(F)F)cc2)c2ccccc21,3.0,P2Y1,7.53,DECOY_P2Y
CHEMBL3105196,CC(C)(C)CN1CCC2(CC1)CN(c1ccccc1NC(=O)Nc1ccc(OC(F)(F)F)cc1)c1cccnc12,3.0,P2Y1,7.54,DECOY_P2Y
CHEMBL3103634,O=C(Nc1ccc(OC(F)(F)F)cc1)Nc1ccccc1N1CC2(CC2)c2ccccc21,3.0,P2Y1,7.58,DECOY_P2Y
CHEMBL3104634,CC(C)CN1CCC2(CC1)CN(c1ccccc1NC(=O)Nc1ccc(OC(F)(F)F)cc1)c1ccccc12,3.0,P2Y1,7.68,DECOY_P2Y
CHEMBL3103626,CC1(C)CN(c2ncccc2NC(=O)Nc2ccc(OC(F)(F)F)cc2)c2ccccc21,3.0,P2Y1,7.69,DECOY_P2Y
CHEMBL3104635,O=C(Nc1ccc(OC(F)(F)F)cc1)Nc1ccccc1N1CC2(CCN(Cc3ccccc3)CC2)c2ccccc21,3.0,P2Y1,7.73,DECOY_P2Y
CHEMBL3103627,CC1(C)CCN(c2ncccc2NC(=O)Nc2ccc(OC(F)(F)F)cc2)c2ccccc21,3.0,P2Y1,7.80,DECOY_P2Y
CHEMBL3104630,COC(=O)N1CCC2(CC1)CN(c1ccccc1NC(=O)Nc1ccc(OC(F)(F)F)cc1)c1ccccc12,3.0,P2Y1,7.88,DECOY_P2Y
CHEMBL3105200,CC(C)(C)CN1CCCC2(C1)CN(c1ccccc1NC(=O)Nc1ccc(OC(F)(F)F)cc1)c1ccccc12,3.0,P2Y1,7.89,DECOY_P2Y
CHEMBL3105195,CC(C)(C)CN1CCC2(CC1)CN(c1ccccc1NC(=O)Nc1ccc(OC(F)(F)F)cc1)c1cnccc12,3.0,P2Y1,7.94,DECOY_P2Y
CHEMBL3103635,O=C(Nc1ccc(OC(F)(F)F)cc1)Nc1ccccc1N1CC2(CCC2)c2ccccc21,3.0,P2Y1,7.98,DECOY_P2Y
CHEMBL3105199,CC(C)(C)CN1CCC2(CC1)CCN(c1ccccc1NC(=O)Nc1ccc(OC(F)(F)F)cc1)c1ccccc12,3.0,P2Y1,8.00,DECOY_P2Y
CHEMBL3103625,CC1(C)CN(c2ccccc2NC(=O)Nc2ccc(OC(F)(F)F)cc2)c2ccccc21,3.0,P2Y1,8.06,DECOY_P2Y
CHEMBL3102866,CC1(C)CCN(c2ccccc2NC(=O)Nc2ccc(OC(F)(F)F)cc2)c2ccccc21,3.0,P2Y1,8.14,DECOY_P2Y
CHEMBL3103636,O=C(Nc1ccc(OC(F)(F)F)cc1)Nc1ccccc1N1CC2(CCCC2)c2ccccc21,3.0,P2Y1,8.18,DECOY_P2Y
CHEMBL3104624,O=C(Nc1ccc(OC(F)(F)F)cc1)Nc1ccccc1N1CC2(CCCCC2)c2ccccc21,3.0,P2Y1,8.23,DECOY_P2Y
CHEMBL3105201,CC(C)(C)CN1CCC2(C1)CN(c1ccccc1NC(=O)Nc1ccc(OC(F)(F)F)cc1)c1ccccc12,3.0,P2Y1,8.24,DECOY_P2Y
CHEMBL3104636,CC(C)(C)CN1CCC2(CC1)CN(c1ccccc1NC(=O)Nc1ccc(OC(F)(F)F)cc1)c1ccccc12,3.0,P2Y1,8.37,DECOY_P2Y
CHEMBL3263056,CC(C)(C)CN1CCC2(CC1)CN(c1ccccc1NC(=O)Nc1nc3ccc(Cl)nc3s1)c1c(O)ccc(Cl)c12,3.0,P2Y1,8.10,DECOY_P2Y
CHEMBL3263057,CC(C)(C)CN1CCC2(CC1)CN(c1ccccc1Nc1nnc(-c3ccccc3)s1)c1c(O)ccc(C(F)(F)F)c12,3.0,P2Y1,8.02,DECOY_P2Y
CHEMBL3263058,CC(C)(C)CN1CCC2(CC1)CN(c1ccccc1Nc1nc(-c3ccccc3)ns1)c1c(O)ccc(Cl)c12,3.0,P2Y1,8.22,DECOY_P2Y
CHEMBL3263059,CC(C)(C)CN1CCC2(CC1)CN(c1ccccc1Nc1nnc(-c3ccccc3)o1)c1c(O)ccc(Cl)c12,3.0,P2Y1,8.21,DECOY_P2Y
CHEMBL3263060,CC(C)(C)CN1CCC2(CC1)CN(c1ccccc1Nc1cc(-c3ccccc3)on1)c1c(O)ccc(Cl)c12,3.0,P2Y1,7.18,DECOY_P2Y
CHEMBL3263061,CC(C)(C)CN1CCC2(CC1)CN(c1ccccc1Nc1nc(-c3ccccc3)cs1)c1c(O)ccc(Cl)c12,3.0,P2Y1,7.70,DECOY_P2Y
CHEMBL3263062,CC(C)(C)CN1CCC2(CC1)CN(c1ccccc1Nc1ncc(-c3ccccc3)s1)c1c(O)ccc(Cl)c12,3.0,P2Y1,7.77,DECOY_P2Y
CHEMBL3263063,Cc1ccc(-c2ccc(Nc3ccccc3N3CC4(CCN(CC(C)(C)C)CC4)c4c(Cl)ccc(O)c43)nc2)cc1,3.0,P2Y1,6.46,DECOY_P2Y
CHEMBL3263064,CC(C)(C)CN1CCC2(CC1)CN(c1ccccc1Nc1ccc(-c3ccccc3)nn1)c1c(O)ccc(Cl)c12,3.0,P2Y1,6.29,DECOY_P2Y
CHEMBL3263065,CC(C)(C)CN1CCC2(CC1)CN(c1ccccc1Nc1cnc(-c3ccccc3)cn1)c1c(O)ccc(Cl)c12,3.0,P2Y1,7.31,DECOY_P2Y
CHEMBL3263066,CC(C)(C)CN1CCC2(CC1)CN(c1ccccc1Nc1nnc(-c3ccc(C(F)(F)F)cc3)s1)c1c(O)ccc(C(F)(F)F)c12,3.0,P2Y1,7.80,DECOY_P2Y
CHEMBL3263067,CC(C)(C)CN1CCC2(CC1)CN(c1ccccc1Nc1nnc(-c3ccc(C(C)(C)C)cc3)s1)c1c(O)ccc(C(F)(F)F)c12,3.0,P2Y1,7.58,DECOY_P2Y
CHEMBL3263068,CC(C)(C)CN1CCC2(CC1)CN(c1ccccc1Nc1nnc(-c3ccc(C(C)(C)C)cc3)s1)c1c(O)ccc(C#N)c12,3.0,P2Y1,8.01,DECOY_P2Y
CHEMBL3263069,COC(=O)c1ccc(O)c2c1C1(CCN(CC(C)(C)C)CC1)CN2c1ccccc1Nc1nnc(-c2ccc(C(C)(C)C)cc2)s1,3.0,P2Y1,8.10,DECOY_P2Y
CHEMBL3263070,CC(C)(C)CN1CCC2(CC1)CN(c1ccccc1Nc1nnc(-c3ccc(OC(F)(F)F)cc3)s1)c1c(O)ccc(F)c12,3.0,P2Y1,8.28,DECOY_P2Y
CHEMBL3263071,CC(C)(C)CN1CCC2(CC1)CN(c1ccccc1Nc1nnc(-c3ccc(OC(F)(F)F)cc3)s1)c1c(O)ccc(Cl)c12,3.0,P2Y1,7.89,DECOY_P2Y
CHEMBL3263072,CC(C)(C)CN1CCC2(CC1)CN(c1ccccc1Nc1nnc(-c3ccccc3Cl)s1)c1c(O)ccc(Cl)c12,3.0,P2Y1,7.55,DECOY_P2Y
CHEMBL3263073,CC(C)(C)CN1CCC2(CC1)CN(c1ccccc1Nc1nnc(-c3cccc(Cl)c3)s1)c1c(O)ccc(Cl)c12,3.0,P2Y1,7.80,DECOY_P2Y
CHEMBL3263074,CC(C)(C)CN1CCC2(CC1)CN(c1ccccc1Nc1nnc(-c3ccc(Cl)cc3)s1)c1c(O)ccc(Cl)c12,3.0,P2Y1,7.89,DECOY_P2Y
CHEMBL3263075,CC(C)(C)CN1CCC2(CC1)CN(c1ccccc1Nc1nnc(-c3cnccn3)s1)c1c(O)ccc(Cl)c12,3.0,P2Y1,8.19,DECOY_P2Y
CHEMBL3263076,Cc1cc(-c2nnc(Nc3ccccc3N3CC4(CCN(CC(C)(C)C)CC4)c4c(Cl)ccc(O)c43)s2)n(C)n1,3.0,P2Y1,8.18,DECOY_P2Y
CHEMBL3287047,CC(C)(C)CN1CCC2(CC1)CN(c1ccccc1NC(=O)Nc1ccc(OC(F)(F)F)cc1)c1c(O)cccc12,3.0,P2Y1,8.40,DECOY_P2Y
CHEMBL3287040,CC(C)(C)CN1CCC2(CC1)CN(c1ccccc1NC(=O)Nc1nc3ccc(Cl)cc3s1)c1c(O)ccc(Cl)c12,3.0,P2Y1,9.77,DECOY_P2Y
CHEMBL3287049,CC(C)(C)CN1CCC2(CC1)CN(c1ccccc1NC(=O)Nc1nc3ccc(F)cc3s1)c1c(O)ccc(Cl)c12,3.0,P2Y1,10.22,DECOY_P2Y
CHEMBL3287050,CC(C)(C)CN1CCC2(CC1)CN(c1ccccc1NC(=O)Nc1csc(Cl)n1)c1c(O)ccc(Cl)c12,3.0,P2Y1,10.52,DECOY_P2Y
CHEMBL3287051,CC(C)(C)CN1CCC2(CC1)CN(c1ccccc1NC(=O)Nc1ccc(C(F)(F)F)cc1)c1c(O)ccc(Cl)c12,3.0,P2Y1,10.10,DECOY_P2Y
CHEMBL3287052,COC(=O)c1ccc(O)c2c1C1(CCN(CC(C)(C)C)CC1)CN2c1ccccc1NC(=O)Nc1ccc(OC(F)(F)F)cc1,3.0,P2Y1,9.82,DECOY_P2Y
CHEMBL3287041,CC(C)(C)CN1CCC2(CC1)CN(c1ccccc1NC(=O)Nc1ccc(OC(F)(F)F)cc1)c1c(O)ccc(C(F)(F)F)c12,3.0,P2Y1,9.85,DECOY_P2Y
CHEMBL3287042,CN(C)S(=O)(=O)c1ccc(O)c2c1C1(CCN(CC(C)(C)C)CC1)CN2c1ccccc1NC(=O)Nc1ccc(OC(F)(F)F)cc1,3.0,P2Y1,9.89,DECOY_P2Y
CHEMBL3287043,CC(C)(C)CN1CCC2(CC1)CN(c1ccccc1NC(=O)Nc1ccc(OC(F)(F)F)cc1)c1c(O)ccc(C#N)c12,3.0,P2Y1,10.40,DECOY_P2Y
CHEMBL3287044,CC(C)(C)CN1CCC2(CC1)CN(c1ccccc1NC(=O)Nc1ccc(OC(F)(F)F)cc1)c1c(O)ccc(Cl)c12,3.0,P2Y1,10.40,DECOY_P2Y
CHEMBL3287045,CC(C)(C)CN1CCC2(CC1)CN(c1ccccc1NC(=O)Nc1ccc(OC(F)(F)F)cc1)c1c(O)ccc(F)c12,3.0,P2Y1,9.43,DECOY_P2Y
CHEMBL3287046,CC(C)(C)CN1CCC2(CC1)CN(c1ccccc1NC(=O)Nc1ccc(OC(F)(F)F)cc1)c1cc(O)ccc12,3.0,P2Y1,8.34,DECOY_P2Y
CHEMBL3314287,CC1(C)CN(c2ccccc2NC(=O)Nc2nc3ccc(Cl)nc3s2)c2c(O)ccc(Cl)c21,3.0,P2Y1,9.85,DECOY_P2Y
CHEMBL3314288,CC1(C)CN(c2ccccc2NC(=O)Nc2ccc(OC(F)(F)F)cc2)c2c(O)ccc(Cl)c21,3.0,P2Y1,9.41,DECOY_P2Y
CHEMBL3314289,CC1(CC(F)(F)F)CN(c2ccccc2NC(=O)Nc2ccc(OC(F)(F)F)cc2)c2c(O)ccc(Cl)c21,3.0,P2Y1,8.71,DECOY_P2Y
CHEMBL3314290,CCOC(=O)C1(C)CN(c2ccccc2NC(=O)Nc2ccc(OC(F)(F)F)cc2)c2c(O)ccc(Cl)c21,3.0,P2Y1,10.05,DECOY_P2Y
CHEMBL3314291,CCOC(=O)C1(C)CN(c2ccccc2NC(=O)Nc2nc3ccc(Cl)nc3s2)c2c(O)ccc(Cl)c21,3.0,P2Y1,10.30,DECOY_P2Y
CHEMBL3314295,CC1(C)CN(c2ccccc2NC(=O)Nc2ccc(OC(F)(F)F)cc2)c2c(O)ccc(-c3ccccc3)c21,3.0,P2Y1,9.43,DECOY_P2Y
CHEMBL3314296,CC1(C)CN(c2ccccc2NC(=O)Nc2ccc(OC(F)(F)F)cc2)c2c(O)ccc(-c3ccccc3F)c21,3.0,P2Y1,9.43,DECOY_P2Y
CHEMBL3314297,CC1(C)CN(c2ccccc2NC(=O)Nc2ccc(OC(F)(F)F)cc2)c2c(O)ccc(-c3cccc(F)c3)c21,3.0,P2Y1,9.82,DECOY_P2Y
CHEMBL3314298,CC1(C)CN(c2ccccc2NC(=O)Nc2ccc(OC(F)(F)F)cc2)c2c(O)ccc(-c3ccc(F)cc3)c21,3.0,P2Y1,9.48,DECOY_P2Y
CHEMBL3314299,CC1(C)CN(c2ccccc2NC(=O)Nc2ccc(OC(F)(F)F)cc2)c2c(O)ccc(-c3ccc(Cl)cc3)c21,3.0,P2Y1,9.89,DECOY_P2Y
CHEMBL3314300,CC1(C)CN(c2ccccc2NC(=O)Nc2ccc(OC(F)(F)F)cc2)c2c(O)ccc(-c3ccc(C(F)(F)F)cc3)c21,3.0,P2Y1,8.82,DECOY_P2Y
CHEMBL3314301,CC1(C)CN(c2ccccc2NC(=O)Nc2ccc(OC(F)(F)F)cc2)c2c(O)ccc(-c3ccc(F)cc3F)c21,3.0,P2Y1,9.28,DECOY_P2Y
CHEMBL3314302,CC1(C)CN(c2ccccc2NC(=O)Nc2ccc(OC(F)(F)F)cc2)c2c(O)ccc(-c3ccc(F)c(F)c3)c21,3.0,P2Y1,8.74,DECOY_P2Y
CHEMBL3314303,CC1(C)CN(c2ccccc2NC(=O)Nc2ccc(OC(F)(F)F)cc2)c2c(O)ccc(-c3cc(F)cc(F)c3)c21,3.0,P2Y1,9.24,DECOY_P2Y
CHEMBL3314304,CC1(C)CN(c2ccccc2NC(=O)Nc2nc3ccc(Cl)nc3s2)c2c(O)ccc(-c3ccc(F)cc3)c21,3.0,P2Y1,9.89,DECOY_P2Y
CHEMBL3314305,CC1(C)CN(c2ccccc2NC(=O)Nc2csc(Cl)n2)c2c(O)ccc(-c3ccc(F)cc3)c21,3.0,P2Y1,10.52,DECOY_P2Y
CHEMBL3314306,Cc1nc(NC(=O)Nc2ccccc2N2CC(C)(C)c3c(-c4ccc(F)cc4)ccc(O)c32)cs1,3.0,P2Y1,10.10,DECOY_P2Y
CHEMBL3314307,CC(C)CN1CCCC1c1ccc(NC(=O)Nc2ccccc2N2CC(C)(C)c3c(-c4ccc(F)cc4)ccc(O)c32)cc1,3.0,P2Y1,10.70,DECOY_P2Y
CHEMBL3314308,CC(C)(C)CN1CCCC1c1ccc(NC(=O)Nc2ccccc2N2CC(C)(C)c3c(-c4ccc(F)cc4)ccc(O)c32)cc1,3.0,P2Y1,10.40,DECOY_P2Y
CHEMBL3314309,CC1(C)CN(c2ccccc2NC(=O)Nc2ccc(OC(F)(F)F)cc2)c2c(O)cc(F)c(-c3ccc(F)cc3)c21,3.0,P2Y1,9.64,DECOY_P2Y
CHEMBL3314310,CC1(C)CN(c2ccccc2NC(=O)Nc2ccc(OC(F)(F)F)cc2)c2c(O)c(F)cc(-c3ccc(F)cc3)c21,3.0,P2Y1,9.35,DECOY_P2Y
CHEMBL3314311,CC1(C)CN(c2ccccc2NC(=O)Nc2ccc(OC(F)(F)F)cc2)c2c(O)cc(F)c(-c3ccc(Cl)cc3)c21,3.0,P2Y1,8.97,DECOY_P2Y
CHEMBL3314313,CC1(C)CN(c2ccccc2NC(=O)Nc2ccc(OC(F)(F)F)cc2)c2c(O)cc(F)c(-c3ccc(Cl)s3)c21,3.0,P2Y1,8.64,DECOY_P2Y
CHEMBL3314314,CC1(C)CN(c2ccccc2NC(=O)Nc2ccc(OC(F)(F)F)cc2)c2c(O)cc(F)c(-c3ccc(C(F)(F)F)cn3)c21,3.0,P2Y1,9.24,DECOY_P2Y
CHEMBL3314315,CC1(C)CN(c2ccccc2NC(=O)Nc2ccc(OC(F)(F)F)cc2)c2c(O)cc(F)c(-c3ccc(C(F)(F)F)nc3)c21,3.0,P2Y1,9.29,DECOY_P2Y
CHEMBL3314316,CC1(C)CN(c2ccccc2NC(=O)Nc2ccc(OC(F)(F)F)cc2)c2c(O)cc(F)c(-c3cc(F)nc(F)c3)c21,3.0,P2Y1,9.33,DECOY_P2Y
CHEMBL3314317,CC1(C)CN(c2ccccc2NC(=O)Nc2ccc(OC(F)(F)F)cc2)c2c(O)cc(F)c(-c3ncc(F)cn3)c21,3.0,P2Y1,9.52,DECOY_P2Y
CHEMBL3314319,CC(C)(C)CN1CCC2(CC1)CN(c1ccccc1NC(=O)Nc1ccc(OC(F)(F)F)cc1)c1c(O)cc(F)c(-c3ccc(Cl)cc3)c12,3.0,P2Y1,9.80,DECOY_P2Y
CHEMBL3314320,CC(C)(C)CN1CCC2(CC1)CN(c1ccccc1NC(=O)Nc1ccc(OC(F)(F)F)cc1)c1c(O)cc(F)c(-c3ccc(F)cc3)c12,3.0,P2Y1,10.05,DECOY_P2Y
CHEMBL3314321,CC(C)(C)CN1CCC2(CC1)CN(c1ccccc1NC(=O)Nc1nc3ccc(Cl)nc3s1)c1c(O)cc(F)c(-c3ccc(F)cc3)c12,3.0,P2Y1,9.92,DECOY_P2Y
CHEMBL3314312,CC1(C)CN(c2ccccc2NC(=O)Nc2ccc(OC(F)(F)F)cc2)c2c(O)c(F)cc(-c3ccc(Cl)cc3)c21,3.0,P2Y1,6.52,DECOY_P2Y
CHEMBL3314318,CC1(C)CN(c2ccccc2NC(=O)Nc2ccc(OC(F)(F)F)cc2)c2c(O)cc(F)c(-c3cnc(Cl)cn3)c21,3.0,P2Y1,6.58,DECOY_P2Y
CHEMBL3634186,Nc1nc(Cl)nc2c1ncn2[C@@H]1O[C@H](COP(=O)(O)OP(=O)(O)S)[C@@H](O)[C@H]1O,3.0,P2Y1,7.05,DECOY_P2Y
CHEMBL3634185,CSc1nc(N)c2ncn([C@@H]3O[C@H](COP(=O)(O)OP(=O)(O)S)[C@@H](O)[C@H]3O)c2n1,3.0,P2Y1,7.43,DECOY_P2Y
CHEMBL3634184,Nc1nc(Cl)nc2c1ncn2[C@@H]1O[C@H](COP(=O)(S)OP(=O)(O)OP(=O)(O)O)[C@@H](O)[C@H]1O,3.0,P2Y1,6.06,DECOY_P2Y
CHEMBL3634183,Nc1nc(Cl)nc2c1ncn2[C@@H]1O[C@H](COP(=O)(S)OP(=O)(O)O)[C@@H](O)[C@H]1O,3.0,P2Y1,7.52,DECOY_P2Y
CHEMBL3634182,CSc1nc(N)c2ncn([C@@H]3O[C@H](COP(=O)(S)OP(=O)(O)O)[C@@H](O)[C@H]3O)c2n1,3.0,P2Y1,7.77,DECOY_P2Y
CHEMBL575257,Nc1ncnc2c1ncn2[C@@H]1O[C@H](COP(=O)(S)OP(=O)(O)O)[C@@H](O)[C@H]1O,3.0,P2Y1,6.89,DECOY_P2Y
CHEMBL3746558,CSc1nc(N)c2ncn([C@@H]3O[C@H](COP(=O)([S-])OP(=O)([O-])OP(=O)([O-])OP(=O)([S-])OC[C@H]4O[C@@H](n5cnc6c(N)nc(SC)nc65)[C@H](O)[C@@H]4O)[C@@H](O)[C@H]3O)c2n1.[Na+].[Na+].[Na+].[Na+],3.0,P2Y1,6.80,DECOY_P2Y
CHEMBL3746852,CNc1nc(SC)nc2c1ncn2[C@@H]1O[C@H](COP(=O)([S-])OP(=O)([O-])C(Cl)P(=O)([O-])OP(=O)([S-])OC[C@H]2O[C@@H](n3cnc4c(NC)nc(SC)nc43)[C@H](O)[C@@H]2O)[C@@H](O)[C@H]1O.[Na+].[Na+].[Na+].[Na+],3.0,P2Y1,6.44,DECOY_P2Y
CHEMBL3942314,CC(C)(C)CN1CCC2(CC1)CCN(c1ccccc1Nc1nc3ccc(C(C)(C)C)cc3[nH]1)c1ccccc12,3.0,P2Y1,6.59,DECOY_P2Y
CHEMBL3904405,CCOC(=O)c1sc(Nc2ccccc2N2CC3(CCN(CC(C)(C)C)CC3)c3ccccc32)nc1C(F)(F)F,3.0,P2Y1,8.20,DECOY_P2Y
CHEMBL3915408,COC(=O)c1sc(Nc2ccccc2N2CC3(CCN(CC(C)(C)C)CC3)c3ccccc32)nc1C,3.0,P2Y1,7.75,DECOY_P2Y
CHEMBL3943381,CC(C)(C)CN1CCC2(CC1)CN(c1ccccc1Nc1nc(C(F)(F)F)c(-c3ccccc3)s1)c1ccccc12,3.0,P2Y1,8.10,DECOY_P2Y
CHEMBL3893716,CC(C)(C)CN1CCC2(CC1)CN(c1ccccc1Nc1nnc(-c3ccc(F)cc3)s1)c1c(O)ccc(C(F)(F)F)c12,3.0,P2Y1,7.82,DECOY_P2Y
CHEMBL3928274,CC(C)(C)CN1CCC2(CC1)CN(c1ccccc1Nc1nnc(-c3cccc(F)c3)s1)c1c(O)ccc(C(F)(F)F)c12,3.0,P2Y1,7.92,DECOY_P2Y
CHEMBL3900332,CC(C)(C)CN1CCC2(CC1)CN(c1ccccc1Nc1nnc(-c3ccccn3)s1)c1c(O)ccc(C(F)(F)F)c12,3.0,P2Y1,7.96,DECOY_P2Y
CHEMBL3934351,CC(C)(C)CN1CCC2(CC1)CN(c1ccccc1Nc1nnc(-c3ccc(C(F)(F)F)cc3)s1)c1c(O)ccc(Cl)c12,3.0,P2Y1,8.48,DECOY_P2Y
CHEMBL3896467,CC(C)(C)CN1CCC2(CC1)CN(c1ccccc1Nc1nnc(-c3ccc(C(F)(F)F)cn3)s1)c1c(O)ccc(Cl)c12,3.0,P2Y1,8.15,DECOY_P2Y
CHEMBL3928907,CC(C)(C)CN1CCC2(CC1)CN(c1ccccc1Nc1nnc(-c3cccnc3)s1)c1c(O)ccc(Cl)c12,3.0,P2Y1,7.61,DECOY_P2Y
CHEMBL3956460,CC(C)(C)CN1CCC2(CC1)CN(c1ccccc1Nc1nnc(-c3ccncc3)s1)c1c(O)ccc(Cl)c12,3.0,P2Y1,7.40,DECOY_P2Y
CHEMBL3984201,CC(C)(C)CN1CCC2(CC1)CN(c1ccccc1Nc1nnc(C3CCOCC3)s1)c1c(O)ccc(Cl)c12,3.0,P2Y1,6.81,DECOY_P2Y
CHEMBL3910967,CC(C)(C)CN1CCC2(CC1)CN(c1ccccc1Nc1nnc(-c3ccc(C(F)(F)F)nc3)s1)c1c(O)ccc(Cl)c12,3.0,P2Y1,8.24,DECOY_P2Y
CHEMBL3972991,CC(C)(C)CN1CCC2(CC1)CN(c1ccccc1Nc1nnc(-c3cnc4ccccc4n3)s1)c1c(O)ccc(Cl)c12,3.0,P2Y1,7.18,DECOY_P2Y
CHEMBL3901946,COC(=O)c1nnc(Nc2ccccc2N2CC3(CCN(CC(C)(C)C)CC3)c3c(Cl)ccc(O)c32)s1,3.0,P2Y1,7.32,DECOY_P2Y
CHEMBL3898478,Cn1nc(C(C)(C)C)cc1-c1nnc(Nc2ccccc2N2CC3(CCN(CC(C)(C)C)CC3)c3c(Cl)ccc(O)c32)s1,3.0,P2Y1,7.48,DECOY_P2Y
CHEMBL3929983,Cc1cccc(-c2nnc(Nc3ccccc3N3CC4(CCN(CC(C)(C)C)CC4)c4c(Cl)ccc(O)c43)s2)c1,3.0,P2Y1,7.66,DECOY_P2Y
CHEMBL3927367,CC(C)(C)CN1CCC2(CC1)CN(c1ccccc1Nc1nnc(-c3cc(Cl)cc(Cl)c3)s1)c1c(O)ccc(Cl)c12,3.0,P2Y1,7.72,DECOY_P2Y
CHEMBL3902900,CC(C)(C)CN1CCC2(CC1)CN(c1ccccc1Nc1nnc(-c3cc(F)ccc3Cl)s1)c1c(O)ccc(Cl)c12,3.0,P2Y1,7.55,DECOY_P2Y
CHEMBL3918409,CC(C)(C)CN1CCC2(CC1)CN(c1ccccc1Nc1nnc(-c3ccc(Cl)c(Cl)c3)s1)c1c(O)ccc(Cl)c12,3.0,P2Y1,7.72,DECOY_P2Y
CHEMBL3890364,CC(C)(C)CN1CCC2(CC1)CN(c1ccccc1Nc1nnc(-c3cccc(C(F)(F)F)c3)s1)c1c(O)ccc(Cl)c12,3.0,P2Y1,7.62,DECOY_P2Y
CHEMBL3932713,CC(C)(C)CN1CCC2(CC1)CN(c1ccccc1Nc1nnc(-c3ccccn3)s1)c1c(O)ccc(Cl)c12,3.0,P2Y1,8.17,DECOY_P2Y
CHEMBL3979693,CC(C)(C)CN1CCC2(CC1)CN(c1ccccc1Nc1nnc(-c3cccc(F)c3)s1)c1c(O)ccc(Cl)c12,3.0,P2Y1,7.64,DECOY_P2Y
CHEMBL3903953,CC(C)(C)CN1CCC2(CC1)CN(c1ccccc1Nc1nnc(-c3ccc(Cl)cc3)s1)c1c(O)ccc(F)c12,3.0,P2Y1,8.22,DECOY_P2Y
CHEMBL3974841,CC(C)(C)CN1CCC2(CC1)CN(c1ccccc1Nc1nnc(-c3ccc(OC(F)(F)F)cc3)s1)c1c(O)c(F)cc(Cl)c12,3.0,P2Y1,7.16,DECOY_P2Y
CHEMBL3893862,CC(C)(C)CN1CCC2(CC1)CN(c1ccccc1Nc1nnc(-c3ccc(OC(F)(F)F)cc3)s1)c1c(O)cc(F)c(Cl)c12,3.0,P2Y1,7.64,DECOY_P2Y
CHEMBL3968470,CC(C)(C)CN1CCC2(CC1)CN(c1ccccc1Nc1nnc(-c3ccc(OC(F)(F)F)cc3)s1)c1c(O)cc(F)c(F)c12,3.0,P2Y1,7.43,DECOY_P2Y
CHEMBL3967844,CC(C)(C)CN1CCC2(CC1)CN(c1ccccc1Nc1nc(C(C)(C)C)ns1)c1c(O)ccc(Cl)c12,3.0,P2Y1,8.10,DECOY_P2Y
CHEMBL3932841,CC(C)(C)CN1CCC2(CC1)CN(c1ccccc1Nc1cc(-c3ccc(C(F)(F)F)cc3)on1)c1c(O)ccc(Cl)c12,3.0,P2Y1,7.22,DECOY_P2Y
CHEMBL3973199,CC(C)(C)CN1CCC2(CC1)CN(c1ccccc1Nc1nc(C(C)(C)C)c(C#N)s1)c1c(O)ccc(Cl)c12,3.0,P2Y1,8.05,DECOY_P2Y
CHEMBL3905619,CCOC(=O)c1sc(Nc2ccccc2N2CC3(CCN(CC(C)(C)C)CC3)c3c(Cl)ccc(O)c32)nc1C(F)(F)F,3.0,P2Y1,7.72,DECOY_P2Y
CHEMBL3981201,CC(C)CN1CCc2nc(Nc3ccccc3N3CC4(CCN(CC(C)(C)C)CC4)c4c(Cl)ccc(O)c43)sc2C1,3.0,P2Y1,7.68,DECOY_P2Y
CHEMBL3911187,CC(C)(C)CN1CCC2(CC1)CN(c1ccccc1Nc1ccc(C(F)(F)F)cn1)c1c(O)ccc(Cl)c12,3.0,P2Y1,7.66,DECOY_P2Y
CHEMBL3926419,COC(=O)c1ccc(O)c2c1C1(CCN(CC(C)(C)C)CC1)CN2c1ccccc1Nc1nnc(-c2ccc(C(F)(F)F)cc2)s1,3.0,P2Y1,8.10,DECOY_P2Y
CHEMBL3920135,CC(C)(C)CN1CCC2(CC1)CN(c1ccccc1Nc1nnc(-c3ccc(C(F)(F)F)cc3)s1)c1c(O)ccc(C#N)c12,3.0,P2Y1,8.52,DECOY_P2Y
CHEMBL3928411,CC(C)(C)CN1CCC2(CC1)CN(c1ccccc1NC(=O)Nc1ccc(C(C)(C)C)cc1)c1c2ccc(F)c1O,3.0,P2Y1,8.05,DECOY_P2Y
CHEMBL3927366,CC(C)(C)CN1CCC2(CC1)CN(c1ccccc1NC(=O)Nc1nc3ccc(F)cc3s1)c1c(O)ccc(C(F)(F)F)c12,3.0,P2Y1,8.05,DECOY_P2Y
CHEMBL3987193,CC(C)CN1CCC2(CC1)CN(c1ccccc1NC(=O)Nc1nc3ccc(F)cc3s1)c1c(O)ccc(Cl)c12,3.0,P2Y1,8.00,DECOY_P2Y
CHEMBL3952542,CC(C)(C)CN1CCC2(CC1)CN(c1ccccc1NC(=O)Nc1ccc(C(C)(C)C)cc1)c1c(O)cccc12,3.0,P2Y1,8.08,DECOY_P2Y
CHEMBL3924844,CC(C)(C)CN1CCC2(CC1)CN(c1ccccc1NC(=O)Nc1ccc(C(C)(C)C)cc1)c1c(O)ccc(F)c12,3.0,P2Y1,8.40,DECOY_P2Y
CHEMBL3961227,CC(C)(C)CN1CCC2(CC1)CN(c1ccccc1NC(=O)Nc1ccc(C(C)(C)C)cc1)c1c(O)cc(F)c(F)c12,3.0,P2Y1,7.98,DECOY_P2Y
CHEMBL3930280,CC(C)(C)CN1CCC2(CC1)CN(c1ccccc1NC(=O)Nc1ccc(C(C)(C)C)cc1)c1c(O)ccc(C(F)(F)F)c12,3.0,P2Y1,8.10,DECOY_P2Y
CHEMBL3968805,CC(C)(C)CN1CCC2(CC1)CN(c1ncccc1NC(=O)Nc1ccc(OC(F)(F)F)cc1)c1c(O)ccc(C(F)(F)F)c12,3.0,P2Y1,8.25,DECOY_P2Y
CHEMBL3939268,CC(C)(C)CN1CCC2(CC1)CN(c1ncccc1NC(=O)Nc1ccc(C(C)(C)C)cc1)c1c(O)ccc(C(F)(F)F)c12,3.0,P2Y1,8.48,DECOY_P2Y
CHEMBL3922210,CC(C)(C)CN1CCC2(CC1)CN(c1ccccc1NC(=O)Nc1ccc(OC(F)(F)F)cc1)c1c2ccc(F)c1O,3.0,P2Y1,7.89,DECOY_P2Y
CHEMBL3951466,CC(C)(C)CN1CCC2(CC1)CN(c1ccccc1NC(=O)Nc1ccc(F)c(F)c1)c1c(O)ccc(C(F)(F)F)c12,3.0,P2Y1,8.29,DECOY_P2Y
CHEMBL3891122,CCSc1nsc(NC(=O)Nc2ccccc2N2CC3(CCN(CC(C)(C)C)CC3)c3c(C(F)(F)F)ccc(O)c32)n1,3.0,P2Y1,8.09,DECOY_P2Y
CHEMBL3965429,CC(C)(C)CN1CCC2(CC1)CN(c1ccccc1NC(=O)Nc1ccc(OC(F)F)cc1)c1c(O)ccc(C(F)(F)F)c12,3.0,P2Y1,8.05,DECOY_P2Y
CHEMBL3932008,CC(C)(C)CN1CCC2(CC1)CN(c1ccccc1NC(=O)Nc1csc(Cl)n1)c1c(O)ccc(C(F)(F)F)c12,3.0,P2Y1,8.21,DECOY_P2Y
CHEMBL3959502,CC(C)c1nsc(NC(=O)Nc2ccccc2N2CC3(CCN(CC(C)(C)C)CC3)c3c(C(F)(F)F)ccc(O)c32)n1,3.0,P2Y1,8.12,DECOY_P2Y
CHEMBL3944036,CC(C)(C)CN1CCC2(CC1)CN(c1ccccc1NC(=O)Nc1ccc(F)cc1F)c1c(O)ccc(C(F)(F)F)c12,3.0,P2Y1,8.49,DECOY_P2Y
CHEMBL3940889,CC(C)(C)CN1CCC2(CC1)CN(c1ccccc1NC(=O)Nc1nc3ccc(Cl)cc3s1)c1c(O)ccc(C(F)(F)F)c12,3.0,P2Y1,7.51,DECOY_P2Y
CHEMBL3918332,CC(C)(C)CN1CCC2(CC1)CN(c1ccccc1NC(=O)Nc1ccc(C(F)(F)F)cc1)c1c(O)ccc(C(F)(F)F)c12,3.0,P2Y1,8.36,DECOY_P2Y
CHEMBL3946233,CC(C)(C)CN1CCC2(CC1)CN(c1ccccc1NC(=O)Nc1ccc(C(F)(F)F)nc1)c1c(O)ccc(C(F)(F)F)c12,3.0,P2Y1,8.10,DECOY_P2Y
CHEMBL3930814,CC(C)(C)CN1CCC(NC(=O)Nc2ccccc2N2CC3(CCN(CC(C)(C)C)CC3)c3c(C(F)(F)F)ccc(O)c32)CC1,3.0,P2Y1,7.83,DECOY_P2Y
CHEMBL3954912,Cc1nc(NC(=O)Nc2ccccc2N2CC3(CCN(CC(C)(C)C)CC3)c3c(C(F)(F)F)ccc(O)c32)cs1,3.0,P2Y1,8.31,DECOY_P2Y
CHEMBL3896118,CC(C)(C)CN1CCC2(CC1)CN(c1ccccc1NC(=O)Nc1csc(Cl)c1)c1c(O)ccc(C(F)(F)F)c12,3.0,P2Y1,8.14,DECOY_P2Y
CHEMBL3924131,CC(C)(C)CN1CCC2(CC1)CN(c1ccccc1NC(=O)NC1CCC(C(C)(C)C)CC1)c1c(O)ccc(C(F)(F)F)c12,3.0,P2Y1,8.02,DECOY_P2Y
CHEMBL3962009,CC(C)c1nc(NC(=O)Nc2ccccc2N2CC3(CCN(CC(C)(C)C)CC3)c3c(C(F)(F)F)ccc(O)c32)cs1,3.0,P2Y1,8.18,DECOY_P2Y
CHEMBL3987044,CC(C)(C)CN1CCC2(CC1)CN(c1ccccc1NC(=O)Nc1nccs1)c1c(O)ccc(C(F)(F)F)c12,3.0,P2Y1,8.19,DECOY_P2Y
CHEMBL3953255,CC(C)CN1CCC2(CC1)CN(c1ccccc1NC(=O)Nc1nc3ccc(Cl)cc3s1)c1c(O)ccc(C(F)(F)F)c12,3.0,P2Y1,7.84,DECOY_P2Y
CHEMBL3925641,CC(C)CN1CCC2(CC1)CN(c1ccccc1NC(=O)Nc1nc3ccc(F)cc3s1)c1c(O)ccc(C(F)(F)F)c12,3.0,P2Y1,7.79,DECOY_P2Y
CHEMBL3947952,CC(C)(C)CN1CCC2(CC1)CN(c1ccccc1NC(=O)Nc1nc3ccc(F)cc3s1)c1c(O)ccc(F)c12,3.0,P2Y1,8.13,DECOY_P2Y
CHEMBL3944669,CC(C)(C)CN1CCC2(CC1)CN(c1ccccc1NC(=O)Nc1nc3ccc(Cl)cc3s1)c1c(O)ccc(F)c12,3.0,P2Y1,8.43,DECOY_P2Y
CHEMBL3968847,Cc1ccc2nc(NC(=O)Nc3ccccc3N3CC4(CCN(CC(C)(C)C)CC4)c4c(F)ccc(O)c43)sc2c1,3.0,P2Y1,8.43,DECOY_P2Y
CHEMBL3939310,CC(C)c1nsc(NC(=O)Nc2ccccc2N2CC3(CCN(CC(C)(C)C)CC3)c3c(F)ccc(O)c32)n1,3.0,P2Y1,8.72,DECOY_P2Y
CHEMBL3954433,COc1ccc2nc(NC(=O)Nc3ccccc3N3CC4(CCN(CC(C)(C)C)CC4)c4c(F)ccc(O)c43)sc2c1,3.0,P2Y1,8.10,DECOY_P2Y
CHEMBL3930322,CC(C)(C)CN1CCC2(CC1)CN(c1ccccc1NC(=O)Nc1ccc(C(F)(F)F)cc1)c1c(O)ccc(F)c12,3.0,P2Y1,8.14,DECOY_P2Y
CHEMBL3892612,Cc1ccc2nc(NC(=O)Nc3ccccc3N3CC4(CCN(CC(C)(C)C)CC4)c4c(Cl)ccc(O)c43)sc2c1,3.0,P2Y1,8.25,DECOY_P2Y
CHEMBL3961609,COC(=O)c1ccc2nc(NC(=O)Nc3ccccc3N3CC4(CCN(CC(C)(C)C)CC4)c4c(Cl)ccc(O)c43)sc2c1,3.0,P2Y1,8.14,DECOY_P2Y
CHEMBL3963797,Cc1nsc(NC(=O)Nc2ccccc2N2CC3(CCN(CC(C)(C)C)CC3)c3c(Cl)ccc(O)c32)n1,3.0,P2Y1,8.48,DECOY_P2Y
CHEMBL3969194,CC(C)c1nsc(NC(=O)Nc2ccccc2N2CC3(CCN(CC(C)(C)C)CC3)c3c(Cl)ccc(O)c32)n1,3.0,P2Y1,8.36,DECOY_P2Y
CHEMBL3897234,CCSc1nsc(NC(=O)Nc2ccccc2N2CC3(CCN(CC(C)(C)C)CC3)c3c(Cl)ccc(O)c32)n1,3.0,P2Y1,8.14,DECOY_P2Y
CHEMBL3977624,CC(C)(C)CN1CCC2(CC1)CN(c1ccccc1NC(=O)Nc1nc3c(s1)CCCC3)c1c(O)ccc(Cl)c12,3.0,P2Y1,8.02,DECOY_P2Y
CHEMBL3915990,CC(C)(C)CN1CCC2(CC1)CN(c1ccccc1NC(=O)Nc1nc3c(s1)CCC3)c1c(O)ccc(Cl)c12,3.0,P2Y1,8.21,DECOY_P2Y
CHEMBL3891478,COc1ccc2nc(NC(=O)Nc3ccccc3N3CC4(CCN(CC(C)(C)C)CC4)c4c(Cl)ccc(O)c43)sc2c1,3.0,P2Y1,8.03,DECOY_P2Y
CHEMBL3958698,CC(C)(C)CN1CCC2(CC1)CN(c1ccccc1NC(=O)Nc1nc3c(s1)COCC3)c1c(O)ccc(Cl)c12,3.0,P2Y1,8.10,DECOY_P2Y
CHEMBL3954066,CC(C)(C)CN1CCC2(CC1)CN(c1ccccc1NC(=O)Nc1nc3c(s1)CSCC3)c1c(O)ccc(Cl)c12,3.0,P2Y1,8.19,DECOY_P2Y
CHEMBL3900888,COc1nsc(NC(=O)Nc2ccccc2N2CC3(CCN(CC(C)(C)C)CC3)c3c(Cl)ccc(O)c32)n1,3.0,P2Y1,8.17,DECOY_P2Y
CHEMBL3932388,CC(C)(C)CN1CCC2(CC1)CN(c1ccccc1NC(=O)Nc1nc3ccc([N+](=O)[O-])cc3s1)c1c(O)ccc(Cl)c12,3.0,P2Y1,7.97,DECOY_P2Y
CHEMBL3925340,CC(C)(C)CN1CCC2(CC1)CN(c1ccccc1NC(=O)Nc1nc3ccc(OC(F)(F)F)cc3s1)c1c(O)ccc(Cl)c12,3.0,P2Y1,8.04,DECOY_P2Y
CHEMBL3937101,CC(C)(C)CN1CCC2(CC1)CN(c1ccccc1NC(=O)Nc1nc3ccccc3s1)c1c(O)ccc(Cl)c12,3.0,P2Y1,8.12,DECOY_P2Y
CHEMBL3922387,CC(C)(C)CN1CCC2(CC1)CN(c1ccccc1NC(=O)Nc1ccc(F)cc1F)c1c(O)ccc(Cl)c12,3.0,P2Y1,8.02,DECOY_P2Y
CHEMBL3946708,CC(C)(C)CN1CCC2(CC1)CN(c1ccccc1NC(=O)Nc1ccc(C(C)(C)C)cc1)c1c(O)ccc(Cl)c12,3.0,P2Y1,8.01,DECOY_P2Y
CHEMBL3909955,Cc1ccc(NC(=O)Nc2ccccc2N2CC3(CCN(CC(C)(C)C)CC3)c3c(Cl)ccc(O)c32)cc1F,3.0,P2Y1,8.19,DECOY_P2Y
CHEMBL3937888,CC(C)CN1CCCC1c1ccc(NC(=O)Nc2ccccc2N2CC3(CCN(CC(C)(C)C)CC3)c3c(Cl)ccc(O)c32)cc1,3.0,P2Y1,7.98,DECOY_P2Y
CHEMBL3911530,CC(C)(C)CN1CCC2(CC1)CN(c1ccccc1NC(=O)Nc1ccc(C3CCCN3CC(C)(C)C)cc1)c1c(O)ccc(Cl)c12,3.0,P2Y1,7.91,DECOY_P2Y
CHEMBL3924683,CC(C)c1nc(NC(=O)Nc2ccccc2N2CC3(CCN(CC(C)(C)C)CC3)c3c(Cl)ccc(O)c32)cs1,3.0,P2Y1,7.89,DECOY_P2Y
CHEMBL3972717,CC(C)(C)CN1CCC2(CC1)CN(c1ccccc1NC(=O)Nc1csc(C(F)(F)F)n1)c1c(O)ccc(Cl)c12,3.0,P2Y1,8.31,DECOY_P2Y
CHEMBL3939735,CC(C)CN1CCC2(CC1)CN(c1ccccc1NC(=O)Nc1ccc(C(F)(F)F)cc1)c1c(O)ccc(Cl)c12,3.0,P2Y1,8.19,DECOY_P2Y
CHEMBL3961685,CC(C)CN1CCC2(CC1)CN(c1ccccc1NC(=O)Nc1nc3ccc(Cl)cc3s1)c1c(O)ccc(Cl)c12,3.0,P2Y1,8.11,DECOY_P2Y
CHEMBL3962436,CC(C)(C)CN1CCC2(CC1)CN(c1ncccc1NC(=O)Nc1nc3ccc(F)cc3s1)c1c(O)ccc(Cl)c12,3.0,P2Y1,7.59,DECOY_P2Y
CHEMBL3985836,CC(C)(C)CN1CCC2(CC1)CN(c1cc(F)ccc1NC(=O)Nc1nc3ccc(F)cc3s1)c1c(O)ccc(Cl)c12,3.0,P2Y1,7.65,DECOY_P2Y
CHEMBL3960597,CC(C)(C)CN1CCC2(CC1)CN(c1ccc(C#N)cc1NC(=O)Nc1ccc(OC(F)(F)F)cc1)c1c(O)ccc(Cl)c12,3.0,P2Y1,7.67,DECOY_P2Y
CHEMBL3977702,CC(C)(C)CN1CCC2(CC1)CN(c1ccc(C#N)cc1NC(=O)Nc1nc3ccc(F)cc3s1)c1c(O)ccc(Cl)c12,3.0,P2Y1,7.53,DECOY_P2Y
CHEMBL3948484,CC(C)(C)CN1CCC2(CC1)CN(c1ccccc1NC(=O)Nc1nc3c(s1)CN(CC(F)(F)F)CC3)c1c(O)ccc(Cl)c12,3.0,P2Y1,7.96,DECOY_P2Y
CHEMBL3938684,CC(C)(C)CN1CCC2(CC1)CN(c1ccccc1NC(=O)Nc1nc3c(s1)CN(C(=O)C(F)(F)F)CC3)c1c(O)ccc(Cl)c12,3.0,P2Y1,7.65,DECOY_P2Y
CHEMBL3976691,CC(C)C(=O)N1CCc2nc(NC(=O)Nc3ccccc3N3CC4(CCN(CC(C)(C)C)CC4)c4c(Cl)ccc(O)c43)sc2C1,3.0,P2Y1,7.75,DECOY_P2Y
CHEMBL3961084,CC(C)CN1CCc2nc(NC(=O)Nc3ccccc3N3CC4(CCN(CC(C)(C)C)CC4)c4c(Cl)ccc(O)c43)sc2C1,3.0,P2Y1,7.99,DECOY_P2Y
CHEMBL3898038,CC(C)(C)CN1CCC2(CC1)CN(c1ccccc1NC(=O)Nc1nc3ccc(Cl)cc3s1)c1c(O)cccc12,3.0,P2Y1,8.12,DECOY_P2Y
CHEMBL3975389,CC(C)(C)CN1CCC2(CC1)CN(c1ccccc1NC(=O)Nc1ccc(OC(F)(F)F)cc1)c1c(O)cc(F)cc12,3.0,P2Y1,8.04,DECOY_P2Y
CHEMBL3958524,COC(=O)c1ccc(O)c2c1C1(CCN(CC(C)(C)C)CC1)CN2c1ccccc1NC(=O)Nc1nc2ccc(F)cc2s1,3.0,P2Y1,8.06,DECOY_P2Y
CHEMBL3943263,COC(=O)c1ccc(O)c2c1C1(CCN(CC(C)(C)C)CC1)CN2c1ccccc1NC(=O)Nc1ccc(F)cc1F,3.0,P2Y1,8.10,DECOY_P2Y
CHEMBL3916187,CC(C)CN1CCC2(CC1)CN(c1ccccc1NC(=O)Nc1nc3ccc(Cl)cc3s1)c1c(O)ccc(C#N)c12,3.0,P2Y1,7.84,DECOY_P2Y
CHEMBL3964440,CC(C)(C)CN1CCC2(CC1)CN(c1ccccc1NC(=O)Nc1nc3ccc(F)cc3s1)c1c(O)ccc(C#N)c12,3.0,P2Y1,8.30,DECOY_P2Y
CHEMBL3937820,CC(C)(C)CN1CCC2(CC1)CN(c1ccccc1NC(=O)Nc1ccc(C(C)(C)C)cc1)c1c(O)ccc(C#N)c12,3.0,P2Y1,7.61,DECOY_P2Y
CHEMBL3964813,CC(C)(C)CN1CCC2(CC1)CN(c1ccccc1NC(=O)Nc1nc3ccc(Cl)cc3s1)c1c(O)ccc(C#N)c12,3.0,P2Y1,8.24,DECOY_P2Y
CHEMBL3982293,Cc1ccc2nc(NC(=O)Nc3ccccc3N3CC4(CCN(CC(C)(C)C)CC4)c4c(C#N)ccc(O)c43)sc2c1,3.0,P2Y1,7.93,DECOY_P2Y
CHEMBL3980633,CC(C)(C)CN1CCC2(CC1)CN(c1ccccc1NC(=O)Nc1csc(Cl)n1)c1c(O)ccc(C#N)c12,3.0,P2Y1,8.43,DECOY_P2Y
CHEMBL3951767,CCN(CC)S(=O)(=O)c1ccc(O)c2c1C1(CCN(CC(C)(C)C)CC1)CN2c1ccccc1NC(=O)Nc1ccc(C(C)(C)C)cc1,3.0,P2Y1,8.46,DECOY_P2Y
CHEMBL3901419,CCN(CC)S(=O)(=O)c1ccc(O)c2c1C1(CCN(CC(C)(C)C)CC1)CN2c1ccccc1NC(=O)Nc1ccc(OC(F)(F)F)cc1,3.0,P2Y1,8.47,DECOY_P2Y
CHEMBL3966327,CCN(CC)S(=O)(=O)c1ccc(O)c2c1C1(CCN(CC(C)(C)C)CC1)CN2c1ccccc1NC(=O)Nc1nc2ccc(Cl)cc2s1,3.0,P2Y1,7.80,DECOY_P2Y
CHEMBL3967298,CC(C)(C)CN1CCC2(CC1)CN(c1ccccc1NC(=O)Nc1nc3ccc(F)cc3s1)c1c(O)cc(F)c(Cl)c12,3.0,P2Y1,7.87,DECOY_P2Y
CHEMBL3937646,CC(C)(C)CN1CCC2(CC1)CN(c1ccccc1NC(=O)Nc1nc3ccc(Cl)cc3s1)c1c(O)cc(F)c(Cl)c12,3.0,P2Y1,7.64,DECOY_P2Y
CHEMBL3975780,CC(C)(C)CN1CCC2(CC1)CN(c1ccccc1NC(=O)Nc1nc3ccc(F)cc3s1)c1c(O)cc(F)c(F)c12,3.0,P2Y1,7.83,DECOY_P2Y
CHEMBL3943008,CC(C)(C)CN1CCC2(CC1)CN(c1ccccc1NC(=O)Nc1nc3ccc(Cl)cc3s1)c1c(O)cc(F)c(F)c12,3.0,P2Y1,7.59,DECOY_P2Y
CHEMBL3890217,Cc1ccc2nc(NC(=O)Nc3ccccc3N3CC4(CCN(CC(C)(C)C)CC4)c4c(Cl)c(F)cc(O)c43)sc2c1,3.0,P2Y1,7.94,DECOY_P2Y
CHEMBL3959280,CC(C)(C)CN1CCC2(CC1)CN(c1ccccc1NC(=O)Nc1nc3ccc(Cl)cc3s1)c1c(O)c(F)cc(Cl)c12,3.0,P2Y1,7.89,DECOY_P2Y
CHEMBL3970013,CC(C)CN1CCCC1c1ccc(NC(=O)Nc2ccccc2N2CC3(CCN(CC(C)(C)C)CC3)c3c(Cl)cc(F)c(O)c32)cc1,3.0,P2Y1,7.85,DECOY_P2Y
CHEMBL3895362,CC(C)(C)CN1CCC2(CC1)CN(c1ccccc1NC(=O)Nc1nc3ccc(F)cc3s1)c1c(O)c(F)cc(Cl)c12,3.0,P2Y1,8.10,DECOY_P2Y
CHEMBL3955518,CC(C)(C)CN1CCC2(CC1)CN(c1ccccc1NC(=O)Nc1nc3ccc(Cl)nc3s1)c1c(O)cc(F)c(Cl)c12,3.0,P2Y1,7.91,DECOY_P2Y
CHEMBL3984148,CC(C)(C)CN1CCC2(CC1)CN(c1ccccc1NC(=O)Nc1nc3ccc(F)nc3s1)c1c(O)cc(F)c(Cl)c12,3.0,P2Y1,7.90,DECOY_P2Y
CHEMBL3946808,CC(C)(C)CN1CCC2(CC1)CN(c1ccccc1NC(=O)Nc1csc(Cl)n1)c1c(O)cc(F)c(Cl)c12,3.0,P2Y1,7.72,DECOY_P2Y
CHEMBL3979273,CC(C)CN1CCCC1c1ccc(NC(=O)Nc2ccccc2N2CC3(CCN(CC(C)(C)C)CC3)c3c(F)c(F)cc(O)c32)cc1,3.0,P2Y1,7.77,DECOY_P2Y
CHEMBL3909067,CC(C)CN1CCC(c2ccc(NC(=O)Nc3ccccc3N3CC4(CCN(CC(C)(C)C)CC4)c4c(Cl)c(F)cc(O)c43)cc2)CC1,3.0,P2Y1,7.90,DECOY_P2Y
CHEMBL3971089,CC(C)CN1CCC2(CC1)CN(c1ccccc1NC(=O)Nc1ccc(OC(F)(F)F)cc1)c1c(O)ccc(C(F)(F)F)c12,3.0,P2Y1,7.97,DECOY_P2Y
CHEMBL3977262,CC(C)N1CCC2(CC1)CN(c1ccccc1NC(=O)Nc1ccc(OC(F)(F)F)cc1)c1c(O)ccc(C(F)(F)F)c12,3.0,P2Y1,7.84,DECOY_P2Y
CHEMBL3903098,COc1ccc2nc(NC(=O)Nc3ccccc3N3CC4(CCN(CC(C)(C)C)CC4)c4c(C(F)(F)F)ccc(O)c43)sc2c1,3.0,P2Y1,7.84,DECOY_P2Y
CHEMBL3915938,CC(C)(C)CN1CCC2(CC1)CN(c1ccccc1NC(=O)Nc1nc3ccc(Cl)nc3s1)c1c(O)ccc(-c3nc4cc(C(F)(F)F)ccc4s3)c12,3.0,P2Y1,7.61,DECOY_P2Y
CHEMBL3901427,CC(C)(C)CN1CCC2(CC1)CN(c1ccccc1NC(=O)Nc1nc3ccc(Cl)nc3s1)c1c(O)ccc(-c3nc4cc(Cl)ccc4s3)c12,3.0,P2Y1,7.27,DECOY_P2Y
CHEMBL3906973,CC(C)(C)CN1CCC2(CC1)CN(c1ccccc1NC(=O)Nc1csc(Cl)n1)c1c(O)ccc(-c3nc4cc(Cl)ccc4s3)c12,3.0,P2Y1,8.04,DECOY_P2Y
CHEMBL3924070,CC(C)(C)CN1CCC2(CC1)CN(c1ccccc1NC(=O)Nc1csc(Cl)n1)c1c(O)ccc(-c3nc4cc(F)ccc4s3)c12,3.0,P2Y1,8.02,DECOY_P2Y
CHEMBL3901507,CC(C)(C)CN1CCC2(CC1)CN(c1ccccc1NC(=O)Nc1csc(Cl)n1)c1c(O)ccc(-c3nc4ccc(Cl)cc4s3)c12,3.0,P2Y1,8.15,DECOY_P2Y
CHEMBL3898081,CC(C)(C)CN1CCC2(CC1)CN(c1ccccc1NC(=O)Nc1csc(Cl)n1)c1c(O)ccc(-c3nc4ccc(F)cc4s3)c12,3.0,P2Y1,8.25,DECOY_P2Y
CHEMBL3920687,CC(C)(C)CN1CCC2(CC1)CN(c1ccccc1NC(=O)Nc1ccc(OC(F)(F)F)cc1)c1c(O)ccc(-c3nc4c(Cl)cccc4s3)c12,3.0,P2Y1,7.64,DECOY_P2Y
CHEMBL3892685,CC(C)(C)CN1CCC2(CC1)CN(c1ccccc1NC(=O)Nc1nc3ccc(F)cc3s1)c1c(O)ccc(-c3nc4c(Cl)cccc4s3)c12,3.0,P2Y1,7.44,DECOY_P2Y
CHEMBL3908192,CC(C)(C)CN1CCC2(CC1)CN(c1ccccc1NC(=O)Nc1nc3ccc(Cl)nc3s1)c1c(O)ccc(-c3nc4c(Cl)cccc4s3)c12,3.0,P2Y1,7.53,DECOY_P2Y
CHEMBL3981726,CC(C)(C)CN1CCC2(CC1)CN(c1ccccc1NC(=O)Nc1csc(Cl)n1)c1c(O)ccc(-c3nc4c(Cl)cccc4s3)c12,3.0,P2Y1,7.81,DECOY_P2Y
CHEMBL3907609,CC(C)(C)CN1CCC2(CC1)CN(c1ccccc1NC(=O)Nc1csc(Cl)n1)c1c(O)ccc(-c3nc4ccc(Br)cc4s3)c12,3.0,P2Y1,7.74,DECOY_P2Y
CHEMBL3935561,CC(C)(C)CN1CCC2(CC1)CN(c1ccccc1NC(=O)Nc1csc(C(F)(F)F)n1)c1c(O)ccc(-c3nc4cc(Cl)ccc4s3)c12,3.0,P2Y1,7.54,DECOY_P2Y
CHEMBL3913073,CC(C)(C)CN1CCC2(CC1)CN(c1ccccc1NC(=O)Nc1ccc(OC(F)(F)F)cc1)c1c(O)ccc(-c3nc4ccc(Br)cc4s3)c12,3.0,P2Y1,7.34,DECOY_P2Y
CHEMBL3916466,CC(C)(C)CN1CCC2(CC1)CN(c1ccccc1NC(=O)Nc1csc(Cl)n1)c1c(O)ccc(-c3nc4cccc(Cl)c4s3)c12,3.0,P2Y1,7.74,DECOY_P2Y
CHEMBL3893952,CC(C)(C)CN1CCC2(CC1)CN(c1ccccc1NC(=O)Nc1ccc(OC(F)(F)F)cc1)c1c(O)ccc(-c3nc4cccc(Cl)c4s3)c12,3.0,P2Y1,7.49,DECOY_P2Y
CHEMBL3921950,CC(C)(C)CN1CCC2(CC1)CN(c1ccccc1NC(=O)Nc1nc3ccc(Cl)cc3s1)c1c(O)ccc(-c3nc4cccc(Cl)c4s3)c12,3.0,P2Y1,7.29,DECOY_P2Y
CHEMBL3906376,CC(C)(C)CN1CCC2(CC1)CN(c1ccccc1NC(=O)Nc1nc3ccc(Cl)nc3s1)c1c(O)ccc(-c3nc4ccc(Cl)cc4s3)c12,3.0,P2Y1,7.67,DECOY_P2Y
CHEMBL3930885,CC(C)(C)CN1CCC2(CC1)CN(c1ccccc1NC(=O)Nc1nc3ccc(Cl)nc3s1)c1c(O)ccc(-c3nc4cc(F)ccc4s3)c12,3.0,P2Y1,7.88,DECOY_P2Y
CHEMBL3978922,COc1ccc2nc(-c3ccc(O)c4c3C3(CCN(CC(C)(C)C)CC3)CN4c3ccccc3NC(=O)Nc3csc(Cl)n3)sc2c1,3.0,P2Y1,8.10,DECOY_P2Y
CHEMBL3950679,COc1ccc2nc(-c3ccc(O)c4c3C3(CCN(CC(C)(C)C)CC3)CN4c3ccccc3NC(=O)Nc3csc(C(F)(F)F)n3)sc2c1,3.0,P2Y1,8.06,DECOY_P2Y
CHEMBL3972904,COc1ccc2nc(-c3ccc(O)c4c3C3(CCN(CC(C)(C)C)CC3)CN4c3ccccc3NC(=O)Nc3ccc(OC(F)(F)F)cc3)sc2c1,3.0,P2Y1,7.78,DECOY_P2Y
CHEMBL3956000,COc1ccc2nc(-c3ccc(O)c4c3C3(CCN(CC(C)(C)C)CC3)CN4c3ccccc3NC(=O)Nc3nc4ccc(Cl)cc4s3)sc2c1,3.0,P2Y1,7.65,DECOY_P2Y
CHEMBL3895841,CC(C)(C)CN1CCC2(CC1)CN(c1ccccc1NC(=O)Nc1csc(C(F)(F)F)n1)c1c(O)ccc(-c3nc4ccc(F)cc4s3)c12,3.0,P2Y1,7.91,DECOY_P2Y
CHEMBL3961320,CC(C)(C)CN1CCC2(CC1)CN(c1ccccc1NC(=O)Nc1nc3ccc(F)cc3s1)c1c(O)ccc(-c3nc4cc(Cl)ccc4s3)c12,3.0,P2Y1,8.92,DECOY_P2Y
CHEMBL3901297,CC(C)(C)CN1CCC2(CC1)CN(c1ccccc1NC(=O)Nc1ccc(OC(F)(F)F)cc1)c1c(O)ccc(-c3nc4cc(Cl)ccc4s3)c12,3.0,P2Y1,6.86,DECOY_P2Y
CHEMBL3972426,CC(C)(C)CN1CCC2(CC1)CN(c1ccccc1NC(=O)Nc1ccc(OC(F)(F)F)cc1)c1c(O)ccc(-c3nc4cc(F)ccc4s3)c12,3.0,P2Y1,7.66,DECOY_P2Y
CHEMBL3910354,CC(C)(C)CN1CCC2(CC1)CN(c1ccccc1NC(=O)Nc1ccc(OC(F)(F)F)cc1)c1c(O)ccc(-c3nc4ccc(Cl)cc4s3)c12,3.0,P2Y1,7.13,DECOY_P2Y
CHEMBL3983590,CC(C)(C)CN1CCC2(CC1)CN(c1ccccc1NC(=O)Nc1ccc(OC(F)(F)F)cc1)c1c(O)cc(F)c(-c3nc4cc(Cl)ccc4s3)c12,3.0,P2Y1,7.35,DECOY_P2Y
CHEMBL3922758,CC(C)(C)CN1CCC2(CC1)CN(c1ccccc1NC(=O)Nc1nc3ccc(F)cc3s1)c1c(O)ccc(-c3nc4cc(F)ccc4s3)c12,3.0,P2Y1,7.61,DECOY_P2Y
CHEMBL3894786,CC(C)(C)CN1CCC2(CC1)CN(c1ccccc1NC(=O)Nc1nc3ccc(F)cc3s1)c1c(O)ccc(-c3nc4ccc(Cl)cc4s3)c12,3.0,P2Y1,6.98,DECOY_P2Y
CHEMBL3930222,CC(C)(C)CN1CCC2(CC1)CN(c1ccccc1NC(=O)Nc1nc3ccc(F)cc3s1)c1c(O)cc(F)c(-c3nc4cc(Cl)ccc4s3)c12,3.0,P2Y1,7.28,DECOY_P2Y
CHEMBL3961183,CC(C)(C)CN1CCC2(CC1)CN(c1ccccc1NC(=O)Nc1nc3ccc(Cl)cc3s1)c1c(O)cc(F)c(-c3nc4cc(Cl)ccc4s3)c12,3.0,P2Y1,7.47,DECOY_P2Y
CHEMBL3924797,CC(C)CN1CCC2(CC1)CN(c1ccccc1NC(=O)Nc1ccc(OC(F)(F)F)cc1)c1c(O)ccc(-c3nc4cc(Cl)ccc4s3)c12,3.0,P2Y1,8.02,DECOY_P2Y
CHEMBL3952492,CC(C)N1CCC2(CC1)CN(c1ccccc1NC(=O)Nc1ccc(OC(F)(F)F)cc1)c1c(O)ccc(-c3nc4cc(Cl)ccc4s3)c12,3.0,P2Y1,7.62,DECOY_P2Y
CHEMBL3951413,CC(C)(C)CN1CCC2(CC1)CN(c1ccccc1NC(=O)Nc1nc3ccc(Cl)nc3s1)c1c(O)ccc(-c3nc4ccc(F)cc4s3)c12,3.0,P2Y1,7.89,DECOY_P2Y
CHEMBL3977255,CC(C)(C)CN1CCC2(CC1)CN(c1ccccc1NC(=O)Nc1nc3ccc(Cl)cc3s1)c1c(O)ccc(-c3nc4ccc(F)cc4s3)c12,3.0,P2Y1,7.74,DECOY_P2Y
CHEMBL3939219,COc1ccc2nc(NC(=O)Nc3ccccc3N3CC4(CCN(CC(C)(C)C)CC4)c4c(-c5nc6cc(F)ccc6s5)ccc(O)c43)sc2c1,3.0,P2Y1,7.95,DECOY_P2Y
CHEMBL3968757,CC(C)(C)CN1CCC2(CC1)CN(c1ccccc1NC(=O)Nc1ccc(OC(F)(F)F)cc1)c1c(O)cc(F)c(-c3nc4ccc(F)cc4s3)c12,3.0,P2Y1,7.83,DECOY_P2Y
CHEMBL3967726,CC(C)(C)CN1CCC2(CC1)CN(c1ccccc1NC(=O)Nc1nc3ccc(Cl)cc3s1)c1c(O)ccc(-c3nc4cc(Cl)ccc4s3)c12,3.0,P2Y1,7.57,DECOY_P2Y
CHEMBL3928175,COc1ccc2nc(NC(=O)Nc3ccccc3N3CC4(CCN(CC(C)(C)C)CC4)c4c(-c5nc6cc(Cl)ccc6s5)ccc(O)c43)sc2c1,3.0,P2Y1,7.48,DECOY_P2Y
CHEMBL3921847,CC(C)(C)CN1CCC2(CC1)CN(c1ccccc1NC(=O)Nc1ccc(OC(F)(F)F)cc1)c1c(O)c(F)cc(-c3ccc(F)cc3)c12,3.0,P2Y1,7.94,DECOY_P2Y
CHEMBL3963538,CC(C)(C)CN1CCC2(CC1)CN(c1ccccc1NC(=O)Nc1ccc(OC(F)(F)F)cc1)c1c(O)c(F)cc(-c3ccc(C(F)(F)F)cc3)c12,3.0,P2Y1,7.41,DECOY_P2Y
CHEMBL3909376,CC(C)(C)CN1CCC2(CC1)CN(c1ccccc1NC(=O)Nc1ccc(OC(F)(F)F)cc1)c1c(O)c(F)cc(-c3ccc(Cl)cc3)c12,3.0,P2Y1,7.70,DECOY_P2Y
CHEMBL3937309,CC(C)(C)CN1CCC2(CC1)CN(c1ccccc1NC(=O)Nc1csc(C(F)(F)F)n1)c1c(O)cc(F)c(-c3ccc(Cl)cc3)c12,3.0,P2Y1,7.81,DECOY_P2Y
CHEMBL3960410,CC(C)(C)CN1CCC2(CC1)CN(c1ccccc1NC(=O)Nc1csc(C(F)(F)F)n1)c1c(O)cc(F)c(-c3ccc(C(F)(F)F)nc3)c12,3.0,P2Y1,6.55,DECOY_P2Y
CHEMBL3948526,CC(C)(C)CN1CCC2(CC1)CN(c1ccccc1NC(=O)Nc1ccc(OC(F)(F)F)cc1)c1c(O)cc(F)c(-c3ccc(C(F)(F)F)nc3)c12,3.0,P2Y1,6.70,DECOY_P2Y
CHEMBL3894921,CC(C)(C)CN1CCC2(CC1)CN(c1ccccc1NC(=O)Nc1nc3ccc(F)cc3s1)c1c(O)cc(F)c(-c3ccc(C(F)(F)F)nc3)c12,3.0,P2Y1,7.39,DECOY_P2Y
CHEMBL3894893,CC(C)(C)CN1CCC2(CC1)CN(c1ccccc1NC(=O)Nc1nc3ccc(Cl)cc3s1)c1c(O)cc(F)c(-c3ccc(C(F)(F)F)nc3)c12,3.0,P2Y1,7.18,DECOY_P2Y
CHEMBL3929520,CC(C)(C)CN1CCC2(CC1)CN(c1ccccc1NC(=O)Nc1nc3ccc(Cl)nc3s1)c1c(O)cc(F)c(-c3ccc(Cl)cc3)c12,3.0,P2Y1,7.60,DECOY_P2Y
CHEMBL3964870,CC(C)(C)CN1CCC2(CC1)CN(c1ccccc1NC(=O)Nc1nc3ccc(F)cc3s1)c1c(O)cc(F)c(-c3ccc(Cl)cc3)c12,3.0,P2Y1,7.25,DECOY_P2Y
CHEMBL3906462,CC(C)(C)CN1CCC2(CC1)CN(c1ccccc1NC(=O)Nc1nc3ccc(Cl)nc3s1)c1c(O)ccc(F)c12,3.0,P2Y1,8.07,DECOY_P2Y
CHEMBL3977131,COc1ccc2nc(NC(=O)Nc3ccccc3N3CC4(CCN(CC(C)(C)C)CC4)c4c(Cl)ccc(O)c43)sc2n1,3.0,P2Y1,7.94,DECOY_P2Y
CHEMBL3947595,CC(C)(C)CN1CCC2(CC1)CN(c1ccccc1NC(=O)Nc1nc3ccc(F)nc3s1)c1c(O)ccc(Cl)c12,3.0,P2Y1,8.19,DECOY_P2Y
CHEMBL3890927,CC(C)(C)CN1CCC2(CC1)CN(c1ccccc1NC(=O)Nc1nc3ccc(Cl)nc3s1)c1c(O)cccc12,3.0,P2Y1,8.28,DECOY_P2Y
CHEMBL3892050,COc1ccc2nc(NC(=O)Nc3ccccc3N3CC4(CCN(CC(C)(C)C)CC4)c4c(F)ccc(O)c43)sc2n1,3.0,P2Y1,8.42,DECOY_P2Y
CHEMBL3961041,CC(C)(C)CN1CCC2(CC1)CN(c1ccccc1NC(=O)Nc1nc3ccc(F)nc3s1)c1c(O)ccc(F)c12,3.0,P2Y1,8.15,DECOY_P2Y
CHEMBL3901019,CC(C)(C)CN1CCC2(CC1)CN(c1ccccc1NC(=O)Nc1nc3ccc(Cl)nc3s1)c1c(O)ccc(C(F)(F)F)c12,3.0,P2Y1,7.87,DECOY_P2Y
CHEMBL3968626,CC(C)(C)CN1CCC2(CC1)CN(c1ncccc1NC(=O)Nc1nc3ccc(Cl)nc3s1)c1c(O)ccc(C(F)(F)F)c12,3.0,P2Y1,8.14,DECOY_P2Y
CHEMBL4214232,CNc1ncnc2c1ncn2[C@@H]1C[C@H](COP(=O)(O)O)[C@@H](OP(=O)(O)O)C1,3.0,P2Y1,6.83,DECOY_P2Y
CHEMBL4287333,CC(C)(C)c1ccccc1Oc1ncccc1NC(=O)NC1C2CC3CC(C2)CC1C3,3.0,P2Y1,6.21,DECOY_P2Y
CHEMBL4280909,CC1CCCCC1NC(=O)Nc1cccnc1Oc1ccccc1C(C)(C)C,3.0,P2Y1,6.09,DECOY_P2Y
CHEMBL4276825,Cc1ccc(NC(=O)Nc2ccc(OC(F)(F)F)cc2)c(Oc2ccccc2C(C)(C)C)n1,3.0,P2Y1,6.68,DECOY_P2Y
CHEMBL432028,CNc1ncnc2c1ncn2CCC(COP(=O)(O)O)COP(=O)(O)O,3.0,P2Y1,6.32,DECOY_P2Y
CHEMBL104784,CNc1nc(Cl)nc2c1ncn2CC(COP(=O)(O)O)COP(=O)(O)O,3.0,P2Y1,6.08,DECOY_P2Y
CHEMBL5269533,Nc1ncnc2c1ncn2[C@H]1C[C@H](OP(=O)(O)O)[C@@]2(COP(=O)(O)O)C[C@H]12,3.0,P2Y1,6.81,DECOY_P2Y
CHEMBL5283886,CNc1nc(I)nc2c1ncn2[C@H]1C[C@H](OP(=O)(O)O)[C@@]2(COP(=O)(O)O)C[C@H]12,3.0,P2Y1,8.08,DECOY_P2Y
CHEMBL2112093,CSc1nc(N)c2ncn([C@H]3[C@H](O)[C@H](O)[C@@]4(COP(=O)(O)OP(=O)(O)O)C[C@H]34)c2n1,3.0,P2Y1,9.40,DECOY_P2Y
CHEMBL5426658,CC(=O)N[C@@H](CCCNC(=N)N)C(=O)NC[C@@H]1[C@H](C(=O)N[C@@H](CCCNC(=N)N)C(=O)N[C@@H](CC(C)C)C(=O)N[C@@H](CCCNC(=N)N)C(=O)N[C@@H](Cc2ccc(O)cc2)C(N)=O)C[C@H]1c1ccccc1,3.0,P2Y1,6.64,DECOY_P2Y
CHEMBL5760607,CC(C)(C)c1ccc(NC(=O)Nc2ccccc2N2CC(C)(C)c3ccccc32)cc1,3.0,P2Y1,7.89,DECOY_P2Y
CHEMBL5789330,CC(C)(C)c1ccccc1Oc1ncccc1NC(=O)Nc1ccccc1N1CC(C)(C)c2ccccc21,3.0,P2Y1,6.12,DECOY_P2Y
CHEMBL6042235,CC1(C)CN(c2ccccc2NC(=O)Nc2nc3ccc(F)cc3s2)c2c(O)ccc(Br)c21,3.0,P2Y1,7.96,DECOY_P2Y
CHEMBL5863915,CC(C)(C)CN1CCC(c2ccc(NC(=O)Nc3ccccc3N3CC(C)(C)c4c(C(F)(F)F)ccc(O)c43)cc2)CC1,3.0,P2Y1,8.47,DECOY_P2Y
CHEMBL5792270,CC1(C)CN(c2ccccc2NC(=O)NC2CCN(CC(F)(F)F)CC2)c2c(O)ccc(C(F)(F)F)c21,3.0,P2Y1,8.31,DECOY_P2Y
CHEMBL5997049,CCC1(CC)CN(c2ccccc2NC(=O)Nc2ccc(C3CCN(CC(C)(C)C)CC3)cc2)c2c(O)ccc(F)c21,3.0,P2Y1,8.25,DECOY_P2Y
CHEMBL5976989,CCC1(CC)CN(c2ccccc2NC(=O)Nc2ccc(OC(F)(F)F)cc2)c2c(O)cc(F)cc21,3.0,P2Y1,7.80,DECOY_P2Y
CHEMBL5785984,CC1(C)CN(c2ccccc2NC(=O)Nc2csc(Cl)n2)c2c(O)ccc(Br)c21,3.0,P2Y1,7.62,DECOY_P2Y
CHEMBL5846674,CCC1(CC)CN(c2ccccc2NC(=O)Nc2ccc(C3CCCN3CC(C)(C)C)cc2)c2c(O)cccc21,3.0,P2Y1,8.07,DECOY_P2Y
CHEMBL5917120,CCC1(CC)CN(c2ccccc2NC(=O)Nc2ccc(C3CCCN3CC(C)C)cc2)c2c(O)cccc21,3.0,P2Y1,7.72,DECOY_P2Y
CHEMBL5998354,CCC1(CC)CN(c2ccccc2NC(=O)Nc2nc3ccc(Cl)cc3s2)c2c(O)cccc21,3.0,P2Y1,7.85,DECOY_P2Y
CHEMBL5851933,CCC1(CC)CN(c2ccccc2NC(=O)Nc2nc3ccc(C)cc3s2)c2c(O)cccc21,3.0,P2Y1,8.12,DECOY_P2Y
CHEMBL5999366,CC(C)CN1CCCC1c1ccc(NC(=O)Nc2ccccc2N2CC(C)(C)c3cccc(O)c32)cc1,3.0,P2Y1,7.43,DECOY_P2Y
CHEMBL5968460,CC1(C)CN(c2ccccc2NC(=O)Nc2ccc(OC(F)(F)F)cc2)c2c(O)ccc(C(F)(F)F)c21,3.0,P2Y1,8.30,DECOY_P2Y
CHEMBL5985103,CC(C)(C)c1ccc(NC(=O)Nc2ccccc2N2CC(C)(C)c3c(C(F)(F)F)ccc(O)c32)cc1,3.0,P2Y1,8.09,DECOY_P2Y
CHEMBL5943622,CC1(C)CN(c2ccccc2NC(=O)Nc2ccc(F)cc2F)c2c(O)ccc(C(F)(F)F)c21,3.0,P2Y1,8.28,DECOY_P2Y
CHEMBL5973182,Cc1nc(NC(=O)Nc2ccccc2N2CC(C)(C)c3c(C(F)(F)F)ccc(O)c32)cs1,3.0,P2Y1,8.14,DECOY_P2Y
CHEMBL5921880,CC1(C)CN(c2ccccc2NC(=O)Nc2csc(Cl)n2)c2c(O)ccc(C(F)(F)F)c21,3.0,P2Y1,8.21,DECOY_P2Y
CHEMBL5813349,CC1(C)CN(c2ccccc2NC(=O)Nc2ccc(C(F)(F)F)cc2)c2c(O)ccc(C(F)(F)F)c21,3.0,P2Y1,7.80,DECOY_P2Y
CHEMBL5845374,CC1(C)CN(c2ccccc2NC(=O)Nc2nc3ccc(F)cc3s2)c2c(O)ccc(C(F)(F)F)c21,3.0,P2Y1,7.92,DECOY_P2Y
CHEMBL5951252,CC1(C)CN(c2ccccc2NC(=O)Nc2nc3ccc(Cl)cc3s2)c2c(O)ccc(C(F)(F)F)c21,3.0,P2Y1,7.62,DECOY_P2Y
CHEMBL5851695,CCN1CCc2nc(NC(=O)Nc3ccccc3N3CC(C)(C)c4c(C(F)(F)F)ccc(O)c43)sc2C1,3.0,P2Y1,7.72,DECOY_P2Y
CHEMBL5978567,CC(C)CN1CCc2nc(NC(=O)Nc3ccccc3N3CC(C)(C)c4c(C(F)(F)F)ccc(O)c43)sc2C1,3.0,P2Y1,8.10,DECOY_P2Y
CHEMBL5972525,CC(C)(C)CN1CCc2nc(NC(=O)Nc3ccccc3N3CC(C)(C)c4c(C(F)(F)F)ccc(O)c43)sc2C1,3.0,P2Y1,8.10,DECOY_P2Y
CHEMBL5893865,CC1(C)CN(c2ccccc2NC(=O)Nc2nc3c(s2)CN(CC2CC2)CC3)c2c(O)ccc(C(F)(F)F)c21,3.0,P2Y1,8.00,DECOY_P2Y
CHEMBL5829999,CCC1(CC)CN(c2ccccc2NC(=O)Nc2ccc(OC(F)(F)F)cc2)c2c(O)ccc(C(F)(F)F)c21,3.0,P2Y1,8.12,DECOY_P2Y
CHEMBL5945692,CCC1(CC)CN(c2ccccc2NC(=O)Nc2ccc(C3CCN(CC(C)(C)C)CC3)cc2)c2c(O)ccc(C(F)(F)F)c21,3.0,P2Y1,8.20,DECOY_P2Y
CHEMBL5955770,CCC1(CC)CN(c2ccccc2NC(=O)Nc2ccc(C(C)(C)C)cc2)c2c(O)ccc(F)c21,3.0,P2Y1,8.29,DECOY_P2Y
CHEMBL5744494,CCc1ccc(NC(=O)Nc2ccccc2N2CC(CC)(CC)c3c(F)ccc(O)c32)cc1,3.0,P2Y1,8.51,DECOY_P2Y
CHEMBL6036662,CCC1(CC)CN(c2ccccc2NC(=O)Nc2ccc(C3CCN(CC(C)C)CC3)cc2)c2c(O)ccc(F)c21,3.0,P2Y1,8.09,DECOY_P2Y
CHEMBL6033514,CCC1(CC)CN(c2ccccc2NC(=O)Nc2ccc(C3CCCN3CC(C)(C)C)cc2)c2c(O)ccc(F)c21,3.0,P2Y1,8.44,DECOY_P2Y
CHEMBL5857862,CCC1(CC)CN(c2ccccc2NC(=O)Nc2ccc(C3CCCN3CC(C)C)cc2)c2c(O)ccc(F)c21,3.0,P2Y1,8.29,DECOY_P2Y
CHEMBL5814862,CCC1(CC)CN(c2ccccc2NC(=O)Nc2csc(Cl)n2)c2c(O)ccc(F)c21,3.0,P2Y1,8.48,DECOY_P2Y
CHEMBL5884793,CCSc1nsc(NC(=O)Nc2ccccc2N2CC(CC)(CC)c3c(F)ccc(O)c32)n1,3.0,P2Y1,8.12,DECOY_P2Y
CHEMBL6038497,CC(C)CN1CCCC1c1ccc(NC(=O)Nc2ccccc2N2CC(C)(C)c3c(F)ccc(O)c32)cc1,3.0,P2Y1,8.01,DECOY_P2Y
CHEMBL5769816,CCC1(CC)CN(c2ccccc2NC(=O)Nc2ccc(OC(F)(F)F)cc2)c2c1ccc(F)c2O,3.0,P2Y1,7.85,DECOY_P2Y
CHEMBL5986001,CCC1(CC)CN(c2ccccc2NC(=O)Nc2ccc(C3CCCN3CC(C)C)cc2)c2c1ccc(F)c2O,3.0,P2Y1,8.24,DECOY_P2Y
CHEMBL5955849,CCC1(CC)CN(c2ccccc2NC(=O)Nc2ccc(C3CCN(CC(C)(C)C)CC3)cc2)c2c1ccc(F)c2O,3.0,P2Y1,8.06,DECOY_P2Y
CHEMBL5900726,CCC1(CC)CN(c2ccccc2NC(=O)Nc2ccc(C(C)(C)C)cc2)c2c1ccc(F)c2O,3.0,P2Y1,7.82,DECOY_P2Y
CHEMBL5808254,CCC1(CC)CN(c2ccccc2NC(=O)Nc2ccc(OC(F)(F)F)cc2)c2c(O)ccc(Br)c21,3.0,P2Y1,7.72,DECOY_P2Y
CHEMBL5825105,CC1(C)CN(c2ccccc2NC(=O)Nc2ccc(OC(F)(F)F)cc2)c2c(O)ccc(Br)c21,3.0,P2Y1,7.85,DECOY_P2Y
CHEMBL5919078,CC1(C)CN(c2ccccc2NC(=O)Nc2nc3ccc(Cl)cc3s2)c2c(O)ccc(Br)c21,3.0,P2Y1,7.96,DECOY_P2Y
CHEMBL6032290,CC1(C)CN(c2ccccc2NC(=O)Nc2nc3ccc(Br)cc3s2)c2c(O)ccc(Br)c21,3.0,P2Y1,7.55,DECOY_P2Y
CHEMBL5797990,CCC1(CC)CN(c2ccccc2NC(=O)Nc2ccc(OC(F)(F)F)cc2)c2c(O)ccc(C#N)c21,3.0,P2Y1,8.11,DECOY_P2Y
CHEMBL5872070,CCC1(CC)CN(c2ccccc2NC(=O)Nc2ccc(C(C)(C)C)cc2)c2c(O)ccc(C#N)c21,3.0,P2Y1,8.16,DECOY_P2Y
CHEMBL5811221,CCC1(CC)CN(c2ccccc2NC(=O)Nc2ccc(C3CCN(CC(C)(C)C)CC3)cc2)c2c(O)ccc(C#N)c21,3.0,P2Y1,8.17,DECOY_P2Y
CHEMBL5975566,CCC1(CC)CN(c2ccccc2NC(=O)Nc2ccc(C3CCN(CC(C)C)CC3)cc2)c2c(O)ccc(C#N)c21,3.0,P2Y1,8.02,DECOY_P2Y
CHEMBL5838756,CC1(C)CN(c2ccccc2NC(=O)Nc2ccc(OC(F)(F)F)cc2)c2c(O)ccc(C#N)c21,3.0,P2Y1,7.72,DECOY_P2Y
CHEMBL5944240,CCC1(CC)CN(c2ccccc2NC(=O)Nc2nc(C(C)C)ns2)c2c(O)ccc(Cl)c21,3.0,P2Y1,8.15,DECOY_P2Y
CHEMBL5921958,CCC1(CC)CN(c2ccccc2NC(=O)Nc2nc3ccc(F)cc3s2)c2c(O)ccc(Cl)c21,3.0,P2Y1,8.18,DECOY_P2Y
CHEMBL5988234,CCC1(CC)CN(c2ccccc2NC(=O)Nc2ccc(C3CCN(CC(C)C)CC3)cc2)c2c(O)ccc(Cl)c21,3.0,P2Y1,8.18,DECOY_P2Y
CHEMBL6058520,CCC1(CC)CN(c2ccccc2NC(=O)Nc2ccc(OC(F)(F)F)cc2)c2c(O)ccc(Cl)c21,3.0,P2Y1,7.85,DECOY_P2Y
CHEMBL5823673,CCC1(CC)CN(c2ccccc2NC(=O)Nc2ccc(C(F)(F)F)cc2)c2c(O)ccc(Cl)c21,3.0,P2Y1,7.89,DECOY_P2Y
CHEMBL5966591,CCC1(CC)CN(c2ccccc2NC(=O)Nc2csc(Cl)n2)c2c(O)ccc(Cl)c21,3.0,P2Y1,8.30,DECOY_P2Y
CHEMBL5986965,CCC1(CC)CN(c2ccccc2NC(=O)Nc2nc3c(s2)CN(CC(C)C)CC3)c2c(O)ccc(Cl)c21,3.0,P2Y1,7.89,DECOY_P2Y
CHEMBL6024935,CCC1(CC)CN(c2ccccc2NC(=O)Nc2nc3c(s2)CN(CC(F)(F)F)CC3)c2c(O)ccc(Cl)c21,3.0,P2Y1,7.80,DECOY_P2Y
CHEMBL5923081,CC1(C)CN(c2ccccc2NC(=O)Nc2ccc(C(F)(F)F)cc2)c2c(O)ccc(Cl)c21,3.0,P2Y1,8.08,DECOY_P2Y
CHEMBL5783081,CC1(C)CN(c2ccccc2NC(=O)Nc2csc(Cl)n2)c2c(O)ccc(Cl)c21,3.0,P2Y1,8.39,DECOY_P2Y
CHEMBL5740645,CC1(C)CN(c2cc(F)ccc2NC(=O)Nc2ccc(F)cc2F)c2c(O)ccc(C(F)(F)F)c21,3.0,P2Y1,8.24,DECOY_P2Y
CHEMBL5847538,CC1(C)CN(c2ccc(F)cc2NC(=O)Nc2ccc(F)cc2F)c2c(O)ccc(C(F)(F)F)c21,3.0,P2Y1,7.96,DECOY_P2Y
CHEMBL5785718,CC1(C)CN(c2cccc(F)c2NC(=O)Nc2ccc(F)cc2F)c2c(O)ccc(C(F)(F)F)c21,3.0,P2Y1,8.28,DECOY_P2Y
CHEMBL5868876,CC1(C)CN(c2c(F)cccc2NC(=O)Nc2ccc(F)cc2F)c2c(O)ccc(C(F)(F)F)c21,3.0,P2Y1,7.82,DECOY_P2Y
CHEMBL5987688,CC1(C)CN(c2ccc(F)cc2NC(=O)Nc2nc3ccc(F)cc3s2)c2c(O)ccc(C(F)(F)F)c21,3.0,P2Y1,7.68,DECOY_P2Y
CHEMBL5836995,CC1(C)CN(c2cc(F)ccc2NC(=O)Nc2nc3ccc(F)cc3s2)c2c(O)ccc(C(F)(F)F)c21,3.0,P2Y1,7.89,DECOY_P2Y
CHEMBL5812408,CC1(C)CN(c2ccccc2NC(=O)Nc2ccc(OC(F)(F)F)cc2)c2c(O)c(F)cc(Cl)c21,3.0,P2Y1,7.85,DECOY_P2Y
CHEMBL5950458,CC1(C)CN(c2ccccc2NC(=O)Nc2nc3ccc(Cl)cc3s2)c2c(O)c(F)cc(Br)c21,3.0,P2Y1,7.68,DECOY_P2Y
CHEMBL5820741,CC1(C)CN(c2ccccc2NC(=O)Nc2nc3ccc(F)cc3s2)c2c(O)cc(F)c(Br)c21,3.0,P2Y1,7.85,DECOY_P2Y
CHEMBL6056269,CC1(C)CN(c2ccccc2NC(=O)Nc2csc(Cl)n2)c2c(O)cc(F)c(Br)c21,3.0,P2Y1,8.12,DECOY_P2Y
CHEMBL5981966,CC1(C)CN(c2ccccc2NC(=O)Nc2ccc(OC(F)(F)F)cc2)c2c(O)c(F)cc(Br)c21,3.0,P2Y1,7.75,DECOY_P2Y
CHEMBL5896126,CC1(C)CN(c2ccccc2NC(=O)Nc2nc3ccc(Cl)cc3s2)c2c(O)cc(F)c(Br)c21,3.0,P2Y1,7.51,DECOY_P2Y
CHEMBL5881775,CCC1(CC)CN(c2ccccc2NC(=O)Nc2ccc(OC(F)(F)F)cc2)c2c(O)ccc(C)c21,3.0,P2Y1,8.17,DECOY_P2Y
CHEMBL5837418,CC(C)(C)Sc1ccc(O)c2c1C(C)(C)CN2c1ccccc1NC(=O)Nc1ccc(OC(F)(F)F)cc1,3.0,P2Y1,7.50,DECOY_P2Y
CHEMBL5918894,CCC1(CC)CN(c2ccccc2NC(=O)Nc2ccc(OC(F)(F)F)cc2)c2c(O)ccc(C=O)c21,3.0,P2Y1,8.35,DECOY_P2Y
CHEMBL5865963,CCOC(=O)C1(C)CN(c2ccccc2NC(=O)Nc2csc(Cl)n2)c2c(O)ccc(Cl)c21,3.0,P2Y1,8.15,DECOY_P2Y
CHEMBL5775195,CCOC(=O)C1(C)CN(c2ccccc2NC(=O)Nc2nc3ccc(F)cc3s2)c2c(O)ccc(Cl)c21,3.0,P2Y1,7.92,DECOY_P2Y
CHEMBL5974910,CC1(C)CN(c2ccccc2NC(=O)Nc2ccc(OC(F)(F)F)cc2)c2c(O)c(F)cc(CC(F)(F)F)c21,3.0,P2Y1,8.01,DECOY_P2Y
CHEMBL5908087,COC(=O)c1ccc(O)c2c1C(C)(C)CN2c1ccccc1NC(=O)Nc1ccc(OC(F)(F)F)cc1,3.0,P2Y1,8.05,DECOY_P2Y
CHEMBL5742558,CCOC(=O)c1ccc(O)c2c1C(C)(C)CN2c1ccccc1NC(=O)Nc1ccc(OC(F)(F)F)cc1,3.0,P2Y1,8.07,DECOY_P2Y
CHEMBL5803581,CC1(C)CN(c2ccccc2NC(=O)Nc2ccc(OC(F)(F)F)cc2)c2c(O)ccc(-c3nc4ccccc4o3)c21,3.0,P2Y1,7.80,DECOY_P2Y
CHEMBL5791703,CC1(C)CN(c2ccccc2NC(=O)Nc2ccc(OC(F)(F)F)cc2)c2c(O)ccc(-c3nc4ccccc4s3)c21,3.0,P2Y1,7.82,DECOY_P2Y
CHEMBL6021633,CC1(C)CN(c2ccccc2NC(=O)Nc2ccc(OC(F)(F)F)cc2)c2c(O)ccc(-c3nc4cc(Cl)ccc4o3)c21,3.0,P2Y1,7.77,DECOY_P2Y
CHEMBL5795084,CC1(C)CN(c2ccccc2NC(=O)Nc2ccc(OC(F)(F)F)cc2)c2c(O)ccc(-c3nc4cc(Cl)ccc4s3)c21,3.0,P2Y1,7.62,DECOY_P2Y
CHEMBL5992086,Cc1nnc(-c2ccc(O)c3c2C(C)(C)CN3c2ccccc2NC(=O)Nc2ccc(OC(F)(F)F)cc2)o1,3.0,P2Y1,7.66,DECOY_P2Y
CHEMBL5951757,CC1(C)CN(c2ccccc2NC(=O)Nc2ccc(OC(F)(F)F)cc2)c2c(O)ccc(-c3nc4cc(C(F)(F)F)ccc4s3)c21,3.0,P2Y1,7.37,DECOY_P2Y
CHEMBL5828574,Cn1c(-c2ccc(O)c3c2C(C)(C)CN3c2ccccc2NC(=O)Nc2ccc(OC(F)(F)F)cc2)nc2ccccc21,3.0,P2Y1,7.40,DECOY_P2Y
CHEMBL5860420,CC1(C)CN(c2ccccc2NC(=O)Nc2ccc(OC(F)(F)F)cc2)c2c(O)ccc(-c3nc4cccnc4o3)c21,3.0,P2Y1,7.92,DECOY_P2Y
CHEMBL5786438,Cc1cccc2oc(-c3ccc(O)c4c3C(C)(C)CN4c3ccccc3NC(=O)Nc3ccc(OC(F)(F)F)cc3)nc12,3.0,P2Y1,7.24,DECOY_P2Y
CHEMBL5767643,CC1(C)CN(c2ccccc2NC(=O)Nc2ccc(OC(F)(F)F)cc2)c2c(O)ccc(-c3nc4ccc(Cl)cc4o3)c21,3.0,P2Y1,7.19,DECOY_P2Y
CHEMBL6047054,CC1(C)CN(c2ccccc2NC(=O)Nc2ccc(OC(F)(F)F)cc2)c2c(O)ccc(-c3nc4ccc(F)cc4o3)c21,3.0,P2Y1,7.43,DECOY_P2Y
CHEMBL5826184,Cc1cccc2nc(-c3ccc(O)c4c3C(C)(C)CN4c3ccccc3NC(=O)Nc3ccc(OC(F)(F)F)cc3)oc12,3.0,P2Y1,7.28,DECOY_P2Y
CHEMBL5740444,COc1ccc2nc(-c3ccc(O)c4c3C(C)(C)CN4c3ccccc3NC(=O)Nc3ccc(OC(F)(F)F)cc3)oc2c1,3.0,P2Y1,7.40,DECOY_P2Y
CHEMBL5929424,Cc1ccc2nc(-c3ccc(O)c4c3C(C)(C)CN4c3ccccc3NC(=O)Nc3ccc(OC(F)(F)F)cc3)oc2c1,3.0,P2Y1,7.48,DECOY_P2Y
CHEMBL5940069,CC1(C)CN(c2ccccc2NC(=O)Nc2ccc(OC(F)(F)F)cc2)c2c(O)ccc(-c3nc4cnccc4o3)c21,3.0,P2Y1,7.66,DECOY_P2Y
CHEMBL6031267,Cc1noc(-c2ccc(O)c3c2C(C)(C)CN3c2ccccc2NC(=O)Nc2ccc(OC(F)(F)F)cc2)n1,3.0,P2Y1,7.68,DECOY_P2Y
CHEMBL5954451,CC1(C)CN(c2ccccc2NC(=O)Nc2ccc(OC(F)(F)F)cc2)c2c(O)ccc(-c3nc4cc(F)c(F)cc4o3)c21,3.0,P2Y1,7.55,DECOY_P2Y
CHEMBL5957090,CC1(C)CN(c2ccccc2NC(=O)Nc2nc3ccc(F)cc3s2)c2c(O)ccc(-c3nc4cc(Cl)ccc4s3)c21,3.0,P2Y1,7.42,DECOY_P2Y
CHEMBL6033379,CC1(C)CN(c2ccccc2NC(=O)Nc2nc3ccc(F)cc3s2)c2c(O)ccc(-c3nc4ccc(F)cc4o3)c21,3.0,P2Y1,7.50,DECOY_P2Y
CHEMBL5792118,Cc1cnc2oc(-c3ccc(O)c4c3C(C)(C)CN4c3ccccc3NC(=O)Nc3ccc(OC(F)(F)F)cc3)nc2c1,3.0,P2Y1,7.96,DECOY_P2Y
CHEMBL5986463,Cc1ccnc2oc(-c3ccc(O)c4c3C(C)(C)CN4c3ccccc3NC(=O)Nc3ccc(OC(F)(F)F)cc3)nc12,3.0,P2Y1,7.96,DECOY_P2Y
CHEMBL6062480,CC1(C)CN(c2ccccc2NC(=O)Nc2ccc(OC(F)(F)F)cc2)c2c(O)ccc(C3=NC(C(C)(C)C)CO3)c21,3.0,P2Y1,8.04,DECOY_P2Y
CHEMBL5823120,CC1(C)CN(c2ccccc2NC(=O)Nc2ccc(OC(F)(F)F)cc2)c2c(O)ccc(C3=NCC(C(F)(F)F)O3)c21,3.0,P2Y1,8.06,DECOY_P2Y
CHEMBL5797532,CC1(C)CN(c2ccccc2NC(=O)Nc2ccc(OC(F)(F)F)cc2)c2c(O)ccc(-c3nc4c(CO)cccc4o3)c21,3.0,P2Y1,6.44,DECOY_P2Y
CHEMBL6024593,CNc1ncnc2oc(-c3ccc(O)c4c3C(C)(C)CN4c3ccccc3NC(=O)Nc3ccc(OC(F)(F)F)cc3)nc12,3.0,P2Y1,7.62,DECOY_P2Y
CHEMBL5868843,CC1(C)CN(c2ccccc2NC(=O)Nc2nc3ccc(F)nc3s2)c2c(O)ccc(-c3nc4ccc(Cl)cc4o3)c21,3.0,P2Y1,8.01,DECOY_P2Y
CHEMBL6010306,CC(C)(C)CN1CCCC1c1ccc(NC(=O)Nc2ccccc2N2CC(C)(C)c3c(-c4nc5ccc(Cl)cc5o4)ccc(O)c32)cc1,3.0,P2Y1,7.66,DECOY_P2Y
CHEMBL6045098,COc1ccc2nc(NC(=O)Nc3ccccc3N3CC(C)(C)c4c(-c5nc6ccc(Cl)cc6o5)ccc(O)c43)sc2n1,3.0,P2Y1,7.82,DECOY_P2Y
CHEMBL5746856,CC1(C)CN(c2ccccc2NC(=O)Nc2ccc(OC(F)(F)F)cc2)c2c(O)ccc(-c3cc(F)nc(F)c3)c21,3.0,P2Y1,8.12,DECOY_P2Y
CHEMBL6048211,CC1(C)CN(c2ccccc2NC(=O)Nc2ccc(OC(F)(F)F)cc2)c2c(O)ccc(-c3ccnc(F)c3)c21,3.0,P2Y1,8.05,DECOY_P2Y
CHEMBL5783180,CC1(C)CN(c2ccccc2NC(=O)Nc2ccc(OC(F)(F)F)cc2)c2c(O)ccc(-c3ccncc3)c21,3.0,P2Y1,8.23,DECOY_P2Y
CHEMBL5930603,CC1(C)CN(c2ccccc2NC(=O)Nc2ccc(OC(F)(F)F)cc2)c2c(O)ccc(-c3ccncc3Cl)c21,3.0,P2Y1,7.57,DECOY_P2Y
CHEMBL6029274,CC1(C)CN(c2ccccc2NC(=O)Nc2ccc(OC(F)(F)F)cc2)c2c(O)ccc(-c3ccc(F)nc3)c21,3.0,P2Y1,7.89,DECOY_P2Y
CHEMBL5834595,CC1(C)CN(c2ccccc2NC(=O)Nc2ccc(OC(F)(F)F)cc2)c2c(O)ccc(-c3cncc(Cl)c3)c21,3.0,P2Y1,7.66,DECOY_P2Y
CHEMBL5930896,CC1(C)CN(c2ccccc2NC(=O)Nc2ccc(OC(F)(F)F)cc2)c2c(O)ccc(-c3cncc(F)c3)c21,3.0,P2Y1,7.44,DECOY_P2Y
CHEMBL5974571,COc1cncc(-c2ccc(O)c3c2C(C)(C)CN3c2ccccc2NC(=O)Nc2ccc(OC(F)(F)F)cc2)c1,3.0,P2Y1,8.00,DECOY_P2Y
CHEMBL6044325,Cc1cc(-c2ccc(O)c3c2C(C)(C)CN3c2ccccc2NC(=O)Nc2ccc(OC(F)(F)F)cc2)cnc1F,3.0,P2Y1,8.48,DECOY_P2Y
CHEMBL6012931,CC1(C)CN(c2ccccc2NC(=O)Nc2ccc(OC(F)(F)F)cc2)c2c(O)ccc(-c3ccc(C(F)(F)F)nc3)c21,3.0,P2Y1,8.10,DECOY_P2Y
CHEMBL5944071,CC1(C)CN(c2ccccc2NC(=O)Nc2ccc(OC(F)(F)F)cc2)c2c(O)ccc(-c3ccc(Cl)s3)c21,3.0,P2Y1,6.95,DECOY_P2Y
CHEMBL5848760,CC1(C)CN(c2ccccc2NC(=O)Nc2ccc(OC(F)(F)F)cc2)c2c(O)ccc(-c3ccc(F)cn3)c21,3.0,P2Y1,8.35,DECOY_P2Y
CHEMBL5865238,CC1(C)CN(c2ccccc2NC(=O)Nc2ccc(OC(F)(F)F)cc2)c2c(O)ccc(-c3nccs3)c21,3.0,P2Y1,8.47,DECOY_P2Y
CHEMBL6046646,CC1(C)CN(c2ccccc2NC(=O)Nc2ccc(OC(F)(F)F)cc2)c2c(O)ccc(-c3ccc(C(F)(F)F)cn3)c21,3.0,P2Y1,8.32,DECOY_P2Y
CHEMBL5812645,CC(C)c1cnc(-c2ccc(O)c3c2C(C)(C)CN3c2ccccc2NC(=O)Nc2ccc(OC(F)(F)F)cc2)nc1,3.0,P2Y1,8.39,DECOY_P2Y
CHEMBL5786180,CC(C)c1nc(-c2ccc(O)c3c2C(C)(C)CN3c2ccccc2NC(=O)Nc2ccc(OC(F)(F)F)cc2)cs1,3.0,P2Y1,8.33,DECOY_P2Y
CHEMBL6041306,CC1(C)CN(c2ccccc2NC(=O)Nc2nc3ccc(Cl)cc3s2)c2c(O)ccc(-c3nc4ccc(F)cc4s3)c21,3.0,P2Y1,6.97,DECOY_P2Y
CHEMBL5933308,CC1(C)CN(c2ccccc2NC(=O)Nc2ccc(OC(F)(F)F)cc2)c2c(O)c(F)cc(-c3ccc(C(F)(F)F)cn3)c21,3.0,P2Y1,7.82,DECOY_P2Y
CHEMBL5849236,CC1(C)CN(c2ccccc2NC(=O)Nc2ccc(OC(F)(F)F)cc2)c2c(O)c(F)cc(-c3nc4ccc(Cl)cc4s3)c21,3.0,P2Y1,7.03,DECOY_P2Y
CHEMBL6061134,CC1(C)CN(c2ccccc2NC(=O)Nc2ccc(OC(F)(F)F)cc2)c2c(O)ccc(-c3cnc(Cl)cn3)c21,3.0,P2Y1,8.04,DECOY_P2Y
CHEMBL6027439,CC1(C)CN(c2ccccc2NC(=O)Nc2ccc(OC(F)(F)F)cc2)c2c(O)ccc(-c3cnccn3)c21,3.0,P2Y1,7.72,DECOY_P2Y
CHEMBL5946931,CC1(C)CN(c2ccccc2NC(=O)Nc2ccc(OC(F)(F)F)cc2)c2c(O)ccc(-c3ncc(F)cn3)c21,3.0,P2Y1,8.00,DECOY_P2Y
CHEMBL6007076,CC1(C)CN(c2ccccc2NC(=O)Nc2nc3ccc(F)cc3s2)c2c(O)ccc(-c3nc4ccc(Cl)cc4o3)c21,3.0,P2Y1,7.13,DECOY_P2Y
CHEMBL5785468,CC1(C)CN(c2ccccc2NC(=O)Nc2ccc(OC(F)(F)F)cc2)c2c(O)ccc(-c3nc4ccc(Cl)cc4s3)c21,3.0,P2Y1,7.89,DECOY_P2Y
CHEMBL6036336,CC1(C)CN(c2ccccc2NC(=O)Nc2nc3ccc(F)cc3s2)c2c(O)ccc(-c3nc4ccc(Cl)cc4s3)c21,3.0,P2Y1,7.11,DECOY_P2Y
CHEMBL5960378,CC1(C)CN(c2ccccc2NC(=O)Nc2nc3ccc(F)cc3s2)c2c(O)cc(F)c(-c3nc4cc(Cl)ccc4s3)c21,3.0,P2Y1,7.32,DECOY_P2Y
CHEMBL6056219,CC1(C)CN(c2ccccc2NC(=O)Nc2nc3ccc(Cl)cc3s2)c2c(O)cc(F)c(-c3nc4ccc(F)cc4s3)c21,3.0,P2Y1,7.05,DECOY_P2Y
CHEMBL5969778,CC1(C)CN(c2ccccc2NC(=O)Nc2nc3ccc(Cl)nc3s2)c2c(O)cc(F)c(-c3nc4cc(Cl)ccc4s3)c21,3.0,P2Y1,7.41,DECOY_P2Y
CHEMBL5903950,CC1(C)CN(c2ccccc2NC(=O)Nc2nc3ccc(Cl)nc3s2)c2c(O)cc(F)c(-c3nc4ccc(F)cc4s3)c21,3.0,P2Y1,7.80,DECOY_P2Y
CHEMBL5886944,CC1(C)CN(c2ccccc2NC(=O)Nc2ccc(OC(F)(F)F)cc2)c2c(O)cc(F)c(-c3nc4ccc(F)cc4s3)c21,3.0,P2Y1,8.00,DECOY_P2Y
CHEMBL6009257,CC1(C)CN(c2ccccc2NC(=O)Nc2nc3ccc(Cl)nc3s2)c2c(O)cc(F)c(-c3ccc(Cl)s3)c21,3.0,P2Y1,8.09,DECOY_P2Y
CHEMBL5966955,CC1(C)CN(c2ccccc2NC(=O)Nc2nc3ccc(F)cc3s2)c2c(O)cc(F)c(-c3nc4ccc(F)cc4s3)c21,3.0,P2Y1,7.33,DECOY_P2Y
CHEMBL6017423,CC1(C)CN(c2ccccc2NC(=O)Nc2csc(Cl)n2)c2c(O)ccc(-c3nc4cc(Cl)ccc4s3)c21,3.0,P2Y1,7.15,DECOY_P2Y
CHEMBL5888141,CC1(C)CN(c2ccccc2NC(=O)Nc2ccc(OC(F)(F)F)cc2)c2c(O)cc(F)c(-c3nc4ccc(Cl)cc4s3)c21,3.0,P2Y1,7.08,DECOY_P2Y
CHEMBL5819884,CC1(C)CN(c2ccccc2NC(=O)Nc2csc(Cl)n2)c2c(O)cc(F)c(-c3nc4ccc(F)cc4s3)c21,3.0,P2Y1,7.48,DECOY_P2Y
CHEMBL5753466,CC1(C)CN(c2ccccc2NC(=O)Nc2ccc(OC(F)(F)F)cc2)c2c(O)cc(F)c(-c3nc4cc(F)ccc4s3)c21,3.0,P2Y1,7.62,DECOY_P2Y
CHEMBL5874884,CC1(C)CN(c2ccccc2NC(=O)Nc2nc3ccc(F)cc3s2)c2c(O)cc(F)c(-c3nc4cc(F)ccc4s3)c21,3.0,P2Y1,7.60,DECOY_P2Y
CHEMBL5778449,CC1(C)CN(c2ccccc2NC(=O)Nc2nc3ccc(Cl)nc3s2)c2c(O)cc(F)c(-c3nc4cc(F)ccc4s3)c21,3.0,P2Y1,7.82,DECOY_P2Y
CHEMBL5827147,CC1(C)CN(c2ccccc2NC(=O)Nc2nc3ccc(Cl)cc3s2)c2c(O)cc(F)c(-c3nc4cc(F)ccc4s3)c21,3.0,P2Y1,7.64,DECOY_P2Y
CHEMBL5984423,CC1(C)CN(c2ccccc2NC(=O)Nc2nc3ccc(F)cc3s2)c2c(O)cc(F)c(-c3nc4ccc(Cl)cc4s3)c21,3.0,P2Y1,7.42,DECOY_P2Y
CHEMBL5906899,CC1(C)CN(c2ccccc2NC(=O)Nc2nc3ccc(Cl)cc3s2)c2c(O)cc(F)c(-c3nc4cc(Cl)ccc4s3)c21,3.0,P2Y1,7.01,DECOY_P2Y
CHEMBL5893843,CC1(C)CN(c2ccccc2NC(=O)Nc2nc3ccc(F)nc3s2)c2c(O)cc(F)c(-c3nc4cc(Cl)ccc4s3)c21,3.0,P2Y1,7.72,DECOY_P2Y
CHEMBL5770222,CC1(C)CN(c2ccccc2NC(=O)Nc2nc3ccc(F)cc3s2)c2c(O)cc(F)c(-c3ccc(C(F)(F)F)nc3)c21,3.0,P2Y1,8.24,DECOY_P2Y
CHEMBL5919736,CC1(C)CN(c2ccccc2NC(=O)Nc2ccc(OC(F)(F)F)cc2)c2c(O)cc(F)c(-c3ccc(F)cn3)c21,3.0,P2Y1,8.13,DECOY_P2Y
CHEMBL5805920,CC(C)(C)c1ncc(-c2c(F)cc(O)c3c2C(C)(C)CN3c2ccccc2NC(=O)Nc2ccc(OC(F)(F)F)cc2)cn1,3.0,P2Y1,7.89,DECOY_P2Y
CHEMBL5764398,CC1(C)CN(c2ccccc2NC(=O)Nc2ccc(OC(F)(F)F)cc2)c2c(O)cc(F)c(-c3ccc(Cl)cn3)c21,3.0,P2Y1,8.19,DECOY_P2Y
CHEMBL5909554,CC(C)(C)c1ccc(-c2c(F)cc(O)c3c2C(C)(C)CN3c2ccccc2NC(=O)Nc2ccc(OC(F)(F)F)cc2)cn1,3.0,P2Y1,7.57,DECOY_P2Y
CHEMBL5856111,CC1(C)CN(c2ccccc2NC(=O)Nc2csc(Cl)n2)c2c(O)cc(F)c(-c3nc4cc(Cl)ccc4s3)c21,3.0,P2Y1,7.89,DECOY_P2Y
CHEMBL6048420,CC1(C)CN(c2ccccc2NC(=O)Nc2nc3ccc(F)cc3s2)c2c(O)cc(F)c(-c3ccc(C(F)(F)F)cn3)c21,3.0,P2Y1,7.54,DECOY_P2Y
CHEMBL5792387,CC1(C)CN(c2ccccc2NC(=O)Nc2ccc(OC(F)(F)F)cc2)c2c(O)ccc(-c3nc4cc(F)ccc4s3)c21,3.0,P2Y1,7.85,DECOY_P2Y
CHEMBL5817261,CC1(C)CN(c2ccccc2NC(=O)Nc2nc3ccc(F)cc3s2)c2c(O)ccc(-c3nc4cc(F)ccc4s3)c21,3.0,P2Y1,8.06,DECOY_P2Y
CHEMBL5982635,CC1(C)CN(c2ccccc2NC(=O)Nc2nc3ccc(Cl)cc3s2)c2c(O)ccc(-c3nc4cc(F)ccc4s3)c21,3.0,P2Y1,7.77,DECOY_P2Y
CHEMBL5972026,CC1(C)CN(c2ccccc2NC(=O)Nc2nc3ccc(Cl)nc3s2)c2c(O)ccc(-c3nc4cc(F)ccc4s3)c21,3.0,P2Y1,7.68,DECOY_P2Y
CHEMBL5853356,CC1(C)CN(c2ccccc2NC(=O)Nc2ccc(OC(F)(F)F)cc2)c2c(O)ccc(-c3nc4ccc(F)cc4s3)c21,3.0,P2Y1,8.20,DECOY_P2Y
CHEMBL6027717,CC1(C)CN(c2ccccc2NC(=O)Nc2nc3ccc(F)cc3s2)c2c(O)ccc(-c3nc4ccc(F)cc4s3)c21,3.0,P2Y1,7.75,DECOY_P2Y
CHEMBL5745350,CC1(C)CN(c2ccccc2NC(=O)Nc2nc3ccc(Cl)nc3s2)c2c(O)ccc(-c3nc4ccc(F)cc4s3)c21,3.0,P2Y1,7.89,DECOY_P2Y
CHEMBL5748875,CC1(C)CN(c2ccccc2NC(=O)Nc2ccc(OC(F)(F)F)cc2)c2c(O)c(F)cc(-c3nc4cc(Cl)ccc4s3)c21,3.0,P2Y1,7.28,DECOY_P2Y
CHEMBL5800277,CC1(C)CN(c2ccccc2NC(=O)Nc2nc3ccc(F)nc3s2)c2c(O)cc(F)c(-c3nc4ccc(F)cc4s3)c21,3.0,P2Y1,7.75,DECOY_P2Y
CHEMBL6030430,COc1ccc2nc(NC(=O)Nc3ccccc3N3CC(C)(C)c4c(-c5nc6ccc(F)cc6s5)c(F)cc(O)c43)sc2c1,3.0,P2Y1,7.64,DECOY_P2Y
CHEMBL5884006,CC1(C)CN(c2ccccc2NC(=O)Nc2csc(C(F)(F)F)n2)c2c(O)cc(F)c(-c3nc4cc(Cl)ccc4s3)c21,3.0,P2Y1,7.55,DECOY_P2Y
CHEMBL5965242,CC1(C)CN(c2ccccc2NC(=O)Nc2csc(Cl)n2)c2c(O)cc(F)c(-c3nc4cc(F)ccc4s3)c21,3.0,P2Y1,8.01,DECOY_P2Y
CHEMBL5840057,CC1(C)CN(c2ccccc2NC(=O)Nc2nc3ccc(F)nc3s2)c2c(O)cc(F)c(-c3nc4cc(F)ccc4s3)c21,3.0,P2Y1,7.80,DECOY_P2Y
CHEMBL5960215,Cn1nc(C(F)(F)F)cc1-c1c(F)cc(O)c2c1C(C)(C)CN2c1ccccc1NC(=O)Nc1ccc(OC(F)(F)F)cc1,3.0,P2Y1,7.96,DECOY_P2Y
CHEMBL5971904,CC(C)Cn1cc(-c2c(F)cc(O)c3c2C(C)(C)CN3c2ccccc2NC(=O)Nc2ccc(OC(F)(F)F)cc2)cn1,3.0,P2Y1,7.96,DECOY_P2Y
CHEMBL5889398,CC(C)CCn1cc(-c2c(F)cc(O)c3c2C(C)(C)CN3c2ccccc2NC(=O)Nc2ccc(OC(F)(F)F)cc2)cn1,3.0,P2Y1,7.89,DECOY_P2Y
CHEMBL5980577,Cc1c(-c2c(F)cc(O)c3c2C(C)(C)CN3c2ccccc2NC(=O)Nc2ccc(OC(F)(F)F)cc2)cnn1-c1ccccc1,3.0,P2Y1,7.75,DECOY_P2Y
CHEMBL5971170,Cc1nn(C)c(C)c1-c1c(F)cc(O)c2c1C(C)(C)CN2c1ccccc1NC(=O)Nc1ccc(OC(F)(F)F)cc1,3.0,P2Y1,7.72,DECOY_P2Y
CHEMBL5883954,CC1(C)CN(c2ccccc2NC(=O)Nc2ccc(OC(F)(F)F)cc2)c2c(O)cc(F)c(-c3ccc(F)nc3)c21,3.0,P2Y1,8.33,DECOY_P2Y
CHEMBL5800276,CSc1ncc(-c2c(F)cc(O)c3c2C(C)(C)CN3c2ccccc2NC(=O)Nc2ccc(OC(F)(F)F)cc2)cn1,3.0,P2Y1,8.14,DECOY_P2Y
CHEMBL5818210,CC1(C)CN(c2ccccc2NC(=O)Nc2ccc(OC(F)(F)F)cc2)c2c(O)cc(F)c(-c3ccnc(F)c3)c21,3.0,P2Y1,7.96,DECOY_P2Y
CHEMBL5948054,Cc1cc(-c2c(F)cc(O)c3c2C(C)(C)CN3c2ccccc2NC(=O)Nc2ccc(OC(F)(F)F)cc2)ccn1,3.0,P2Y1,7.92,DECOY_P2Y
CHEMBL5837714,Cc1cc(-c2c(F)cc(O)c3c2C(C)(C)CN3c2ccccc2NC(=O)Nc2ccc(OC(F)(F)F)cc2)cnc1F,3.0,P2Y1,8.06,DECOY_P2Y
CHEMBL5938357,CC1(C)CN(c2ccccc2NC(=O)Nc2nc3ccc(Cl)cc3s2)c2c(O)ccc(-c3ccc(F)cc3)c21,3.0,P2Y1,8.00,DECOY_P2Y
CHEMBL5902840,CC1(C)CN(c2ccccc2NC(=O)Nc2csc(C(F)(F)F)n2)c2c(O)ccc(-c3ccc(F)cc3)c21,3.0,P2Y1,7.96,DECOY_P2Y
CHEMBL5926452,CC1(C)CN(c2ccccc2NC(=O)Nc2nc3ccc(F)cc3s2)c2c(O)ccc(-c3ccc(F)cc3)c21,3.0,P2Y1,7.92,DECOY_P2Y
CHEMBL5760970,CC(C)CN1CCC(c2ccc(NC(=O)Nc3ccccc3N3CC(C)(C)c4c(-c5ccc(F)cc5)ccc(O)c43)cc2)CC1,3.0,P2Y1,7.57,DECOY_P2Y
CHEMBL5881101,CC1(C)CN(c2ccccc2NC(=O)Nc2csc(Cl)n2)c2c(O)cc(F)c(-c3ccc(F)cc3)c21,3.0,P2Y1,8.31,DECOY_P2Y
CHEMBL6015365,CC1(C)CN(c2ccccc2NC(=O)Nc2nc3ccc(F)cc3s2)c2c(O)cc(F)c(-c3ccc(F)cc3)c21,3.0,P2Y1,7.60,DECOY_P2Y
CHEMBL5959667,CC1(C)CN(c2ccccc2NC(=O)Nc2csc(Cl)n2)c2c(O)cc(F)c(-c3ccc(Cl)cc3)c21,3.0,P2Y1,7.82,DECOY_P2Y
CHEMBL5907914,CC1(C)CN(c2ccccc2NC(=O)Nc2ccc(OC(F)(F)F)cc2)c2c(O)cc(F)c(-c3ccc(C(F)(F)F)cc3)c21,3.0,P2Y1,7.26,DECOY_P2Y
CHEMBL5782431,CC1(C)CN(c2ccccc2NC(=O)Nc2csc(C(F)(F)F)n2)c2c(O)cc(F)c(-c3ccc(C(F)(F)F)cc3)c21,3.0,P2Y1,8.10,DECOY_P2Y
CHEMBL5988592,CC1(C)CN(c2ccccc2NC(=O)Nc2csc(C(F)(F)F)n2)c2c(O)cc(F)c(-c3ccc(Cl)cc3)c21,3.0,P2Y1,8.03,DECOY_P2Y
CHEMBL6055369,CC1(C)CN(c2ccccc2NC(=O)Nc2nc3ccc(F)cc3s2)c2c(O)cc(F)c(-c3ccc(Cl)cc3)c21,3.0,P2Y1,7.58,DECOY_P2Y
CHEMBL336296,O=c1ccn([C@@H]2O[C@H](COP(=O)(O)OP(=O)(O)OP(=O)(O)O)[C@@H](O)[C@H]2O)c(=O)[nH]1,3.0,P2Y2,6.85,DECOY_P2Y
CHEMBL339385,Nc1ncnc2c1ncn2[C@@H]1O[C@H](COP(=O)(O)OP(=O)(O)OP(=O)(O)OP(=O)(O)OC[C@H]2O[C@@H](n3cnc4c(N)ncnc43)[C@H](O)[C@@H]2O)[C@@H](O)[C@H]1O,3.0,P2Y2,6.14,DECOY_P2Y
CHEMBL606210,O=c1ccn([C@H]2[C@H](O)[C@H](O)[C@]3(COP(=O)(O)OP(=O)(O)OP(=O)(O)O)C[C@H]23)c(=O)[nH]1,3.0,P2Y2,7.80,DECOY_P2Y
CHEMBL1207447,O=c1ccn([C@@H]2O[C@H](COP(=O)(O)OP(=O)(O)OP(=O)(O)OP(=O)(O)OC[C@@H]3O[C@H](n4ccc(=O)[nH]c4=O)[C@@H](O)[C@H]3O)[C@@H](O)[C@H]2O)c(=O)[nH]1,3.0,P2Y2,7.00,DECOY_P2Y
CHEMBL612021,CCN(CC)CC.O=c1ccn([C@@H]2O[C@H](COP(=O)(O)OP(=O)(O)O)C[C@H]2O)c(=O)[nH]1,3.0,P2Y2,6.09,DECOY_P2Y
CHEMBL217467,O=c1[nH]c(=O)n([C@@H]2O[C@H](COP(=O)(O)OP(=O)(O)C(Cl)(Cl)P(=O)(O)O)[C@@H](O)[C@H]2O)cc1Br,3.0,P2Y2,6.45,DECOY_P2Y
CHEMBL384527,O=c1[nH]c(=O)n([C@@H]2O[C@H](COP(=O)(O)OP(=O)(O)OP(=O)(O)O)[C@@H](O)[C@H]2O)cc1Br,3.0,P2Y2,6.46,DECOY_P2Y
CHEMBL215783,Cn1c(=O)ccn([C@@H]2O[C@H](COP(=O)(O)OP(=O)(O)OP(=O)(O)O)[C@@H](O)[C@H]2O)c1=O,3.0,P2Y2,6.25,DECOY_P2Y
CHEMBL217803,O=c1ccn([C@@H]2O[C@H](COP(=O)(O)OP(=O)(O)OP(=O)(O)O)[C@@H](O)[C@H]2O)c(=S)[nH]1,3.0,P2Y2,7.30,DECOY_P2Y
CHEMBL221162,CC(C)(C)C(=O)N[C@@H]1[C@H](O)[C@@H](COP(=O)(O)OP(=O)(O)OP(=O)(O)O)O[C@H]1n1ccc(=O)[nH]c1=S,3.0,P2Y2,6.33,DECOY_P2Y
CHEMBL373780,N[C@@H]1[C@H](O)[C@@H](COP(=O)(O)OP(=O)(O)OP(=O)(O)O)O[C@H]1n1ccc(=O)[nH]c1=S,3.0,P2Y2,8.10,DECOY_P2Y
CHEMBL385098,N[C@@H]1[C@H](O)[C@@H](COP(=O)(O)OP(=O)(O)OP(=O)(O)O)O[C@H]1n1ccc(=O)[nH]c1=O,3.0,P2Y2,7.21,DECOY_P2Y
CHEMBL221326,O=c1ccn([C@@H]2O[C@H](COP(=O)(O)OP(=O)(O)OP(=O)(O)OP(=O)(O)OC[C@H]3O[C@@H](n4ccc(=O)[nH]c4=O)[C@H](O)[C@@H]3O)[C@@H](O)[C@H]2O)c(=O)[nH]1,3.0,P2Y2,6.68,DECOY_P2Y
CHEMBL220200,O=c1ccn([C@@H]2O[C@H](COP(=O)(O)OP(=O)(O)OP(=O)(O)S)[C@@H](O)[C@H]2O)c(=O)[nH]1,3.0,P2Y2,6.62,DECOY_P2Y
CHEMBL507282,Nc1ccn([C@H]2C[C@H](O)[C@@H](COP(=O)(O)OP(=O)(O)OP(=O)(O)OP(=O)(O)OC[C@H]3O[C@@H](n4ccc(=O)[nH]c4=O)[C@H](O)[C@@H]3O)O2)c(=O)n1,3.0,P2Y2,6.57,DECOY_P2Y
CHEMBL220398,O=c1[nH]c(=O)n([C@@H]2O[C@H](COP(=O)(O)OP(=O)(O)OP(=O)(O)O)[C@@H](O)[C@H]2O)cc1I,3.0,P2Y2,6.08,DECOY_P2Y
CHEMBL220940,Cc1cn([C@@H]2O[C@H](COP(=O)(O)OP(=O)(O)OP(=O)(O)O)[C@@H](O)[C@H]2O)c(=O)[nH]c1=O,3.0,P2Y2,6.32,DECOY_P2Y
CHEMBL393100,O=c1c2ccccc2ccn1[C@@H]1O[C@H](COP(=O)(O)OP(=O)(O)OP(=O)(O)O)[C@@H](O)[C@H]1O,3.0,P2Y2,7.51,DECOY_P2Y
CHEMBL238542,COc1cc2ccn([C@@H]3O[C@H](COP(=O)(O)OP(=O)(O)OP(=O)(O)O)[C@@H](O)[C@H]3O)c(=O)c2cc1F,3.0,P2Y2,8.22,DECOY_P2Y
CHEMBL239573,CN(C)c1cc2ccn([C@@H]3O[C@H](COP(=O)(O)OP(=O)(O)OP(=O)(O)O)[C@@H](O)[C@H]3O)c(=O)c2cc1F,3.0,P2Y2,8.40,DECOY_P2Y
CHEMBL427685,CSc1cc2ccn([C@@H]3O[C@H](COP(=O)(O)OP(=O)(O)OP(=O)(O)O)[C@@H](O)[C@H]3O)c(=O)c2cc1F,3.0,P2Y2,8.52,DECOY_P2Y
CHEMBL391663,O=c1c2cc(F)c(F)cc2ccn1[C@@H]1O[C@H](COP(=O)(O)OP(=O)(O)OP(=O)(O)O)[C@@H](O)[C@H]1O,3.0,P2Y2,7.80,DECOY_P2Y
CHEMBL393741,O=c1c2cc(Cl)c(Cl)cc2ccn1[C@@H]1O[C@H](COP(=O)(O)OP(=O)(O)OP(=O)(O)O)[C@@H](O)[C@H]1O,3.0,P2Y2,7.89,DECOY_P2Y
CHEMBL239572,CS(=O)(=O)c1ccc2ccn([C@@H]3O[C@H](COP(=O)(O)OP(=O)(O)OP(=O)(O)O)[C@@H](O)[C@H]3O)c(=O)c2c1,3.0,P2Y2,6.19,DECOY_P2Y
CHEMBL240203,CSc1ccc2ccn([C@@H]3O[C@H](COP(=O)(O)OP(=O)(O)OP(=O)(O)O)[C@@H](O)[C@H]3O)c(=O)c2c1,3.0,P2Y2,6.85,DECOY_P2Y
CHEMBL399018,COc1ccc2ccn([C@@H]3O[C@H](COP(=O)(O)OP(=O)(O)OP(=O)(O)O)[C@@H](O)[C@H]3O)c(=O)c2c1,3.0,P2Y2,7.58,DECOY_P2Y
CHEMBL240202,N#Cc1ccc2ccn([C@@H]3O[C@H](COP(=O)(O)OP(=O)(O)OP(=O)(O)O)[C@@H](O)[C@H]3O)c(=O)c2c1,3.0,P2Y2,7.92,DECOY_P2Y
CHEMBL240201,O=c1c2cc(Cl)ccc2ccn1[C@@H]1O[C@H](COP(=O)(O)OP(=O)(O)OP(=O)(O)O)[C@@H](O)[C@H]1O,3.0,P2Y2,8.00,DECOY_P2Y
CHEMBL399017,O=c1c2cc(F)ccc2ccn1[C@@H]1O[C@H](COP(=O)(O)OP(=O)(O)OP(=O)(O)O)[C@@H](O)[C@H]1O,3.0,P2Y2,8.30,DECOY_P2Y
CHEMBL239991,N#Cc1ccc2c(=O)n([C@@H]3O[C@H](COP(=O)(O)OP(=O)(O)OP(=O)(O)O)[C@@H](O)[C@H]3O)ccc2c1,3.0,P2Y2,7.06,DECOY_P2Y
CHEMBL241321,O=c1c2ccc(Cl)cc2ccn1[C@@H]1O[C@H](COP(=O)(O)OP(=O)(O)OP(=O)(O)O)[C@@H](O)[C@H]1O,3.0,P2Y2,6.27,DECOY_P2Y
CHEMBL241320,O=c1c2ccc(F)cc2ccn1[C@@H]1O[C@H](COP(=O)(O)OP(=O)(O)OP(=O)(O)O)[C@@H](O)[C@H]1O,3.0,P2Y2,7.11,DECOY_P2Y
CHEMBL391012,Cc1cccc2ccn([C@@H]3O[C@H](COP(=O)(O)OP(=O)(O)OP(=O)(O)O)[C@@H](O)[C@H]3O)c(=O)c12,3.0,P2Y2,7.07,DECOY_P2Y
CHEMBL241319,Cc1ccc2ccn([C@@H]3O[C@H](COP(=O)(O)OP(=O)(O)OP(=O)(O)O)[C@@H](O)[C@H]3O)c(=O)c2c1,3.0,P2Y2,6.83,DECOY_P2Y
CHEMBL241318,Cc1ccc2c(=O)n([C@@H]3O[C@H](COP(=O)(O)OP(=O)(O)OP(=O)(O)O)[C@@H](O)[C@H]3O)ccc2c1,3.0,P2Y2,7.46,DECOY_P2Y
CHEMBL393102,Cc1cccc2c(=O)n([C@@H]3O[C@H](COP(=O)(O)OP(=O)(O)OP(=O)(O)O)[C@@H](O)[C@H]3O)ccc12,3.0,P2Y2,6.25,DECOY_P2Y
CHEMBL241316,O=c1c2occc2ccn1[C@@H]1O[C@H](COP(=O)(O)OP(=O)(O)OP(=O)(O)O)[C@@H](O)[C@H]1O,3.0,P2Y2,6.66,DECOY_P2Y
CHEMBL239815,O=c1c2ccsc2ccn1[C@@H]1O[C@H](COP(=O)(O)OP(=O)(O)OP(=O)(O)O)[C@@H](O)[C@H]1O,3.0,P2Y2,7.52,DECOY_P2Y
CHEMBL393101,O=c1c2ccoc2ccn1[C@@H]1O[C@H](COP(=O)(O)OP(=O)(O)OP(=O)(O)O)[C@@H](O)[C@H]1O,3.0,P2Y2,7.17,DECOY_P2Y
CHEMBL239814,O=c1c2c(ccn1[C@@H]1O[C@H](COP(=O)(O)OP(=O)(O)OP(=O)(O)O)[C@@H](O)[C@H]1O)CCCC2,3.0,P2Y2,7.26,DECOY_P2Y
CHEMBL428387,O=c1c2cccnc2ccn1[C@@H]1O[C@H](COP(=O)(O)OP(=O)(O)OP(=O)(O)O)[C@@H](O)[C@H]1O,3.0,P2Y2,7.46,DECOY_P2Y
CHEMBL391318,Cn1c([C@@H]2O[C@H](COP(=O)(O)OP(=O)(O)OP(=O)(O)O)[C@@H](O)[C@H]2O)nc2ccccc21,3.0,P2Y2,6.70,DECOY_P2Y
CHEMBL240044,Cc1ccc2oc([C@@H]3O[C@H](COP(=O)(O)OP(=O)(O)OP(=O)(O)O)[C@@H](O)[C@H]3O)nc2c1,3.0,P2Y2,6.41,DECOY_P2Y
CHEMBL240043,COc1cccc2sc([C@@H]3O[C@H](COP(=O)(O)OP(=O)(O)OP(=O)(O)O)[C@@H](O)[C@H]3O)nc12,3.0,P2Y2,6.16,DECOY_P2Y
CHEMBL391317,O=P(O)(O)OP(=O)(O)OP(=O)(O)OC[C@H]1O[C@@H](c2nc3cc(C(F)(F)F)ccc3s2)[C@H](O)[C@@H]1O,3.0,P2Y2,8.00,DECOY_P2Y
CHEMBL238957,COc1ccc2nc([C@@H]3O[C@H](COP(=O)(O)OP(=O)(O)OP(=O)(O)O)[C@@H](O)[C@H]3O)sc2c1,3.0,P2Y2,7.38,DECOY_P2Y
CHEMBL392989,O=P(O)(O)OP(=O)(O)OP(=O)(O)OC[C@H]1O[C@@H](c2nc3c(F)cc(Cl)cc3s2)[C@H](O)[C@@H]1O,3.0,P2Y2,8.15,DECOY_P2Y
CHEMBL241483,O=P(O)(O)OP(=O)(O)OP(=O)(O)OC[C@H]1O[C@@H](c2nc3cc(F)ccc3s2)[C@H](O)[C@@H]1O,3.0,P2Y2,8.52,DECOY_P2Y
CHEMBL241482,O=P(O)(O)OP(=O)(O)OP(=O)(O)OC[C@H]1O[C@@H](c2nc3ccc(Cl)cc3s2)[C@H](O)[C@@H]1O,3.0,P2Y2,8.10,DECOY_P2Y
CHEMBL241481,O=P(O)(O)OP(=O)(O)OP(=O)(O)OC[C@H]1O[C@@H](c2nc3ccccc3s2)[C@H](O)[C@@H]1O,3.0,P2Y2,7.66,DECOY_P2Y
CHEMBL1162170,Nc1ncnc2c1ncn2[C@@H]1O[C@H](COP(=O)(O)OP(=O)(O)OP(=O)(O)OP(=O)(O)OC[C@@H]2O[C@H](n3cnc4c(N)ncnc43)[C@@H](O)[C@H]2O)[C@H]2OC(Cc3ccccc3)O[C@H]21,3.0,P2Y2,7.28,DECOY_P2Y
CHEMBL1162183,Nc1ccn([C@@H]2O[C@H](COP(=O)(O)OP(=O)(O)OP(=O)(O)OP(=O)(O)OC[C@@H]3O[C@H](n4ccc(=O)[nH]c4=O)[C@@H](O)[C@H]3O)[C@H]3OC(Cc4ccccc4)O[C@H]32)c(=O)n1,3.0,P2Y2,6.26,DECOY_P2Y
CHEMBL1162194,CCCCCCCC1O[C@@H]2[C@H](O1)[C@@H](COP(=O)(O)OP(=O)(O)OP(=O)(O)OP(=O)(O)OC[C@@H]1O[C@H](n3ccc(=O)[nH]c3=O)[C@@H](O)[C@H]1O)O[C@H]2n1ccc(=O)[nH]c1=O,3.0,P2Y2,6.83,DECOY_P2Y
CHEMBL1162202,CCCC1O[C@@H]2[C@H](O1)[C@@H](COP(=O)(O)OP(=O)(O)OP(=O)(O)OP(=O)(O)OC[C@@H]1O[C@H](n3ccc(=O)[nH]c3=O)[C@@H](O)[C@H]1O)O[C@H]2n1ccc(=O)[nH]c1=O,3.0,P2Y2,7.01,DECOY_P2Y
CHEMBL1162158,O=c1ccn([C@@H]2O[C@H](COP(=O)(O)OP(=O)(O)OP(=O)(O)OP(=O)(O)OC[C@@H]3O[C@H](n4ccc(=O)[nH]c4=O)[C@H]4OC(/C=C/c5ccccc5)O[C@H]43)[C@H]3OC(/C=C/c4ccccc4)O[C@H]32)c(=O)[nH]1,3.0,P2Y2,6.46,DECOY_P2Y
CHEMBL1162157,O=c1ccn([C@@H]2O[C@H](COP(=O)(O)OP(=O)(O)OP(=O)(O)OP(=O)(O)OC[C@@H]3O[C@H](n4ccc(=O)[nH]c4=O)[C@@H](O)[C@H]3O)[C@H]3OC(/C=C/c4ccccc4)O[C@H]32)c(=O)[nH]1,3.0,P2Y2,7.17,DECOY_P2Y
CHEMBL1162166,O=c1ccn([C@@H]2O[C@H](COP(=O)(O)OP(=O)(O)OP(=O)(O)OP(=O)(O)OC[C@@H]3O[C@H](n4ccc(=O)[nH]c4=O)[C@@H](O)[C@H]3O)[C@@H]3OC(c4ccccc4)O[C@H]32)c(=O)[nH]1,3.0,P2Y2,6.72,DECOY_P2Y
CHEMBL1162168,O=c1ccn([C@@H]2O[C@H](COP(=O)(O)OP(=O)(O)OP(=O)(O)OP(=O)(O)OC[C@@H]3O[C@H](n4ccc(=O)[nH]c4=O)[C@@H](O)[C@H]3O)[C@@H]3OC(Cc4ccccc4)O[C@H]32)c(=O)[nH]1,3.0,P2Y2,7.03,DECOY_P2Y
CHEMBL1162186,CNc1ccccc1C(=O)O[C@H]1[C@@H](O)[C@H](COP(=O)(O)OP(=O)(O)OP(=O)(O)OP(=O)(O)OC[C@H]2O[C@@H](n3ccc(=O)[nH]c3=O)[C@H](O)[C@@H]2O)O[C@@H]1n1ccc(=O)[nH]c1=O,3.0,P2Y2,6.89,DECOY_P2Y
CHEMBL1162198,Nc1ccn([C@@H]2O[C@H](COP(=O)(O)OP(=O)(O)OP(=O)(O)OP(=O)(O)OC[C@@H]3O[C@H](n4ccc(=O)[nH]c4=O)[C@@H](O)[C@H]3O)[C@@H](O)[C@H]2O)c(=O)n1,3.0,P2Y2,7.36,DECOY_P2Y
CHEMBL406266,O=c1ccn([C@@H]2O[C@H](COP(=O)([O-])OP(=O)([O-])OP(=O)([O-])OP(=O)([O-])OC[C@@H]3O[C@H](n4ccc(=O)[nH]c4=O)[C@@H](O)[C@H]3O)[C@@H](O)[C@H]2O)c(=O)[nH]1.[Na+].[Na+].[Na+].[Na+],3.0,P2Y2,7.47,DECOY_P2Y
CHEMBL505403,Nc1nc(=O)c2ncn([C@H]3C[C@H](O)[C@@H](COP(=O)(O)OP(=O)(O)OP(=O)(O)OP(=O)(O)OC[C@H]4O[C@@H](n5ccc(=O)[nH]c5=O)[C@H](O)[C@@H]4O)O3)c2[nH]1,3.0,P2Y2,6.85,DECOY_P2Y
CHEMBL509434,Nc1ccn([C@H]2C[C@H](O)[C@@H](COP(=O)(O)OP(=O)(O)OP(=O)(O)OP(=O)(O)OC[C@H]3O[C@@H](n4ccc(=O)[nH]c4=S)[C@H](O)[C@@H]3O)O2)c(=O)n1,3.0,P2Y2,7.10,DECOY_P2Y
CHEMBL503798,O=c1[nH]c(=S)ccn1[C@@H]1O[C@H](COP(=O)(O)OP(=O)(O)OP(=O)(O)OP(=O)(O)OC[C@H]2O[C@@H](n3ccc(=S)[nH]c3=O)[C@H](O)[C@@H]2O)[C@@H](O)[C@H]1O,3.0,P2Y2,7.52,DECOY_P2Y
CHEMBL499138,O=c1ccn([C@@H]2O[C@H](COP(=O)(O)OP(=O)(O)OP(=O)(O)OP(=O)(O)O[C@H]3O[C@H](CO)[C@@H](O)[C@H](O)[C@H]3O)[C@@H](O)[C@H]2O)c(=O)[nH]1,3.0,P2Y2,6.52,DECOY_P2Y
CHEMBL482683,O=c1ccn([C@@H]2O[C@H](COP(=O)(O)OP(=O)(O)OP(=O)(O)OP(=O)(O)OP(=O)(O)O)[C@@H](O)[C@H]2O)c(=S)[nH]1,3.0,P2Y2,6.24,DECOY_P2Y
CHEMBL521451,O=c1[nH]c(=S)ccn1[C@@H]1O[C@H](COP(=O)(O)OP(=O)(O)OP(=O)(O)OP(=O)(O)O)[C@@H](O)[C@H]1O,3.0,P2Y2,7.16,DECOY_P2Y
CHEMBL482485,O=c1ccn([C@@H]2O[C@H](COP(=O)(O)OP(=O)(O)OP(=O)(O)OP(=O)(O)O)[C@@H](O)[C@H]2O)c(=S)[nH]1,3.0,P2Y2,6.22,DECOY_P2Y
CHEMBL484494,O=c1ccn([C@@H]2O[C@H](COP(=O)(O)OP(=O)(O)OP(=O)(O)O)[C@@H](O)[C@@H]2O)c(=S)[nH]1,3.0,P2Y2,6.85,DECOY_P2Y
CHEMBL482472,CSc1ccn([C@@H]2O[C@H](COP(=O)(O)OP(=O)(O)OP(=O)(O)O)[C@@H](O)[C@H]2O)c(=S)n1,3.0,P2Y2,6.04,DECOY_P2Y
CHEMBL401735,COc1ccc(Nc2cc(S(=O)(=O)[O-])c(N)c3c2C(=O)c2ccccc2C3=O)cc1.[Na+],3.0,P2Y2,7.09,DECOY_P2Y
CHEMBL223344,Nc1c(S(=O)(=O)[O-])cc(Nc2ccc(Nc3nc(Cl)nc(Nc4cccc(S(=O)(=O)[O-])c4)n3)c(S(=O)(=O)[O-])c2)c2c1C(=O)c1ccccc1C2=O.[Na+].[Na+].[Na+],3.0,P2Y2,6.00,DECOY_P2Y
CHEMBL523850,O=c1ccn([C@@H]2O[C@H](/C=C/P(=O)(O)OP(=O)(O)OP(=O)(O)O)[C@@H](O)[C@H]2O)c(=O)[nH]1,3.0,P2Y2,6.00,DECOY_P2Y
CHEMBL1083256,CCN(CC)CC.CO/N=c1/ccn([C@@H]2O[C@H](COP(=O)(O)OP(=O)(O)OP(=O)(O)OC[C@H]3O[C@@H](n4ccc(=O)[nH]c4=O)[C@H](O)[C@@H]3O)[C@@H](O)[C@H]2O)c(=O)[nH]1,3.0,P2Y2,6.77,DECOY_P2Y
CHEMBL1083148,CCN(CC)CC.O=c1ccn([C@@]23C[C@H]2[C@H](COP(=O)(O)OP(=O)(O)OP(=O)(O)O)[C@@H](O)[C@H]3O)c(=O)[nH]1,3.0,P2Y2,7.10,DECOY_P2Y
CHEMBL1084295,CCN(CC)CC.CCO/N=c1/ccn([C@@H]2O[C@H](COP(=O)(O)OP(=O)(O)O)[C@@H](O)[C@H]2O)c(=O)[nH]1,3.0,P2Y2,6.55,DECOY_P2Y
CHEMBL1083763,O=c1ccn([C@H]2C[C@H](O)[C@@]3(COP(=O)(O)OP(=O)(O)OP(=O)(O)O)C[C@H]23)c(=O)[nH]1,3.0,P2Y2,7.80,DECOY_P2Y
CHEMBL1083764,CCN(CC)CC.CO/N=c1\ccn([C@@H]2O[C@H](COP(=O)(O)OP(=O)(O)OP(=O)(O)O)[C@@H](O)[C@H]2O)c(=O)[nH]1,3.0,P2Y2,7.30,DECOY_P2Y
CHEMBL1767410,CSc1nc(=O)ccn1[C@@H]1O[C@H](COP(=O)(O)OP(=O)(O)O)[C@@H](O)[C@H]1O,3.0,P2Y2,6.28,DECOY_P2Y
CHEMBL1767413,O=c1ccn([C@@H]2O[C@H](COP(=O)(O)OP(=O)(O)O)[C@@H](O)[C@H]2O)c(SCCc2ccccc2)n1,3.0,P2Y2,6.26,DECOY_P2Y
CHEMBL1767414,COc1nc(=O)ccn1[C@@H]1O[C@H](COP(=O)(O)OP(=O)(O)O)[C@@H](O)[C@H]1O,3.0,P2Y2,6.04,DECOY_P2Y
CHEMBL1767415,Nc1nc(=O)ccn1[C@@H]1O[C@H](COP(=O)(O)OP(=O)(O)O)[C@@H](O)[C@H]1O,3.0,P2Y2,6.22,DECOY_P2Y
CHEMBL1765114,O=c1ccn([C@@H]2O[C@H](COP(=O)(O)OP(=O)(O)C(Cl)(Cl)P(=O)(O)O)[C@@H](O)[C@H]2O)c(=O)[nH]1,3.0,P2Y2,6.21,DECOY_P2Y
CHEMBL1765115,O=C(Cn1c(=O)ccn([C@@H]2O[C@H](COP(=O)(O)OP(=O)(O)C(Cl)(Cl)P(=O)(O)O)[C@@H](O)[C@H]2O)c1=O)c1ccccc1,3.0,P2Y2,6.08,DECOY_P2Y
CHEMBL519835,O=c1ccn([C@@H]2O[C@H](COP(=O)(O)OP(=O)(O)C(Cl)(Cl)P(=O)(O)O)[C@@H](O)[C@H]2O)c(=S)[nH]1,3.0,P2Y2,6.10,DECOY_P2Y
CHEMBL1765119,O=c1[nH]c(=S)ccn1[C@@H]1O[C@H](COP(=O)(O)OP(=O)(O)C(F)(F)P(=O)(O)O)[C@@H](O)[C@H]1O,3.0,P2Y2,6.87,DECOY_P2Y
CHEMBL1767407,Nc1ccn([C@H]2C[C@H](O)[C@@H](COP(=O)([O-])OP(=O)([O-])OP(=O)([O-])OP(=O)([O-])OC[C@H]3O[C@@H](n4ccc(=O)[nH]c4=O)[C@H](O)[C@@H]3O)O2)c(=O)n1.[Na+].[Na+].[Na+].[Na+],3.0,P2Y2,6.70,DECOY_P2Y
CHEMBL1767408,O=c1ccn([C@@H]2O[C@H](COP(=O)([O-])OP(=O)([O-])OP(=O)([O-])OP(=O)([O-])OC[C@H]3O[C@@H](n4ccc(=O)[nH]c4=O)[C@H](O)[C@@H]3O)[C@@H](O)[C@H]2O)c(=O)[nH]1.[Na+].[Na+].[Na+].[Na+],3.0,P2Y2,7.00,DECOY_P2Y
CHEMBL1767409,O=c1[nH]c(=S)ccn1[C@@H]1O[C@H](COP(=O)(O)OP(=O)(O)OP(=O)(O)O)[C@@H](O)[C@H]1O,3.0,P2Y2,7.58,DECOY_P2Y
CHEMBL1198849,CO/N=c1\ccn([C@@H]2O[C@H](COP(=O)(O)OP(=O)(O)OP(=O)(O)O)[C@@H](O)[C@H]2O)c(=O)[nH]1,3.0,P2Y2,7.55,DECOY_P2Y
CHEMBL1784890,CCO/N=c1/ccn([C@@H]2O[C@H](COP(=O)(O)OP(=O)(O)OP(=O)(O)O)[C@@H](O)[C@H]2O)c(=O)[nH]1,3.0,P2Y2,6.09,DECOY_P2Y
CHEMBL1784892,O=c1[nH]/c(=N\OCc2ccccc2)ccn1[C@@H]1O[C@H](COP(=O)(O)OP(=O)(O)OP(=O)(O)O)[C@@H](O)[C@H]1O,3.0,P2Y2,6.21,DECOY_P2Y
CHEMBL1784894,O=c1[nH]/c(=N\OCCCc2ccccc2)ccn1[C@@H]1O[C@H](COP(=O)(O)OP(=O)(O)OP(=O)(O)O)[C@@H](O)[C@H]1O,3.0,P2Y2,6.19,DECOY_P2Y
CHEMBL1784896,O=c1ccn([C@@H]2O[C@H](COP(=O)(O)OP(=O)(O)OP(=O)(O)OP(=O)(O)Oc3cccc(Cl)c3)[C@@H](O)[C@H]2O)c(=O)[nH]1,3.0,P2Y2,6.08,DECOY_P2Y
CHEMBL444212,O=c1ccn([C@@H]2O[C@H](COP(=O)(O)OP(=O)(O)OP(=O)(O)OP(=O)(O)O[C@H]3O[C@H](CO)[C@H](O)[C@H](O)[C@H]3O)[C@@H](O)[C@H]2O)c(=O)[nH]1,3.0,P2Y2,6.03,DECOY_P2Y
CHEMBL1784885,O=c1ccn([C@@H]2O[C@H](COP(=O)(O)OP(=O)(O)OP(=O)(O)OP(=O)(O)O[C@H]3O[C@H](CO)[C@@H](O)[C@@H](O)[C@H]3O)[C@@H](O)[C@H]2O)c(=O)[nH]1,3.0,P2Y2,6.11,DECOY_P2Y
CHEMBL1784902,O=C(O)[C@H]1O[C@H](OP(=O)(O)OP(=O)(O)OP(=O)(O)OP(=O)(O)OC[C@H]2O[C@@H](n3ccc(=O)[nH]c3=O)[C@H](O)[C@@H]2O)[C@H](O)[C@@H](O)[C@@H]1O,3.0,P2Y2,6.31,DECOY_P2Y
CHEMBL1784904,O=c1ccn([C@@H]2O[C@H](COP(=O)(O)OP(=O)(O)OP(=O)(O)OP(=O)(O)O[C@H]3O[C@H](CO)[C@@H](O)[C@H](F)[C@H]3O)[C@@H](O)[C@H]2O)c(=O)[nH]1,3.0,P2Y2,6.15,DECOY_P2Y
CHEMBL1784292,CO/N=c1/ccn([C@@H]2O[C@H](COP(=O)(O)OP(=O)(O)OP(=O)(O)OP(=O)(O)O[C@H]3O[C@H](CO)[C@@H](O)[C@H](F)[C@H]3O)[C@@H](O)[C@H]2O)c(=O)[nH]1,3.0,P2Y2,6.30,DECOY_P2Y
CHEMBL1784293,O=c1ccn([C@@H]2O[C@H](COP(=O)(O)OP(=O)(O)OP(=O)(O)OP(=O)(O)O[C@H]3O[C@H](CO)[C@@H](F)[C@H](O)[C@H]3O)[C@@H](O)[C@H]2O)c(=O)[nH]1,3.0,P2Y2,6.21,DECOY_P2Y
CHEMBL1957444,O=c1[nH]c(=O)n([C@@H]2O[C@H](CCP(=O)(O)O)[C@@H](O)[C@H]2O)cc1-c1cccs1,3.0,P2Y2,6.30,DECOY_P2Y
CHEMBL1957443,O=c1[nH]c(=O)n([C@@H]2O[C@H](CCP(=O)(O)O)[C@@H](O)[C@H]2O)cc1-c1ccco1,3.0,P2Y2,6.16,DECOY_P2Y
CHEMBL1957442,Cc1ccc(-c2cn([C@@H]3O[C@H](CCP(=O)(O)O)[C@@H](O)[C@H]3O)c(=O)[nH]c2=O)cc1,3.0,P2Y2,6.00,DECOY_P2Y
CHEMBL1957440,O=c1[nH]c(=O)n([C@@H]2O[C@H](CCP(=O)(O)O)[C@@H](O)[C@H]2O)cc1-c1ccc(F)cc1,3.0,P2Y2,6.40,DECOY_P2Y
CHEMBL1198754,CO/N=c1/ccn([C@@H]2O[C@H](COP(=O)(O)OP(=O)(O)OP(=O)(O)OC[C@H]3O[C@@H](n4ccc(=O)[nH]c4=O)[C@H](O)[C@@H]3O)[C@@H](O)[C@H]2O)c(=O)[nH]1,3.0,P2Y2,6.77,DECOY_P2Y
CHEMBL3261359,O=C(O)CCCO/N=c1/ccn([C@@H]2O[C@H](COP(=O)(O)OP(=O)(O)OP(=O)(O)O)[C@@H](O)[C@H]2O)c(=O)[nH]1,3.0,P2Y2,6.52,DECOY_P2Y
CHEMBL3261360,O=c1[nH]/c(=N\OCCCCc2ccccc2)ccn1[C@@H]1O[C@H](COP(=O)(O)OP(=O)(O)OP(=O)(O)O)[C@@H](O)[C@H]1O,3.0,P2Y2,6.67,DECOY_P2Y
CHEMBL3261362,O=c1[nH]/c(=N\OCCCc2cccc(F)c2)ccn1[C@@H]1O[C@H](COP(=O)(O)OP(=O)(O)OP(=O)(O)O)[C@@H](O)[C@H]1O,3.0,P2Y2,6.72,DECOY_P2Y
CHEMBL3261363,O=c1[nH]/c(=N\OCCCc2ccc(F)cc2)ccn1[C@@H]1O[C@H](COP(=O)(O)OP(=O)(O)OP(=O)(O)O)[C@@H](O)[C@H]1O,3.0,P2Y2,6.26,DECOY_P2Y
CHEMBL3261364,O=c1[nH]/c(=N\OCCCc2ccc(Br)cc2)ccn1[C@@H]1O[C@H](COP(=O)(O)OP(=O)(O)OP(=O)(O)O)[C@@H](O)[C@H]1O,3.0,P2Y2,6.46,DECOY_P2Y
CHEMBL3261365,O=c1[nH]/c(=N\OCCCc2cccc(I)c2)ccn1[C@@H]1O[C@H](COP(=O)(O)OP(=O)(O)OP(=O)(O)O)[C@@H](O)[C@H]1O,3.0,P2Y2,6.49,DECOY_P2Y
CHEMBL3261366,O=c1[nH]/c(=N\OCCCc2ccc(I)cc2)ccn1[C@@H]1O[C@H](COP(=O)(O)OP(=O)(O)OP(=O)(O)O)[C@@H](O)[C@H]1O,3.0,P2Y2,6.73,DECOY_P2Y
CHEMBL3261367,O=c1[nH]/c(=N\OCCCc2cccc([N+](=O)[O-])c2)ccn1[C@@H]1O[C@H](COP(=O)(O)OP(=O)(O)OP(=O)(O)O)[C@@H](O)[C@H]1O,3.0,P2Y2,6.34,DECOY_P2Y
CHEMBL3261368,O=c1[nH]/c(=N\OCCCc2ccc([N+](=O)[O-])cc2)ccn1[C@@H]1O[C@H](COP(=O)(O)OP(=O)(O)OP(=O)(O)O)[C@@H](O)[C@H]1O,3.0,P2Y2,6.34,DECOY_P2Y
CHEMBL3261369,COc1ccc(CCCO/N=c2/ccn([C@@H]3O[C@H](COP(=O)(O)OP(=O)(O)OP(=O)(O)O)[C@@H](O)[C@H]3O)c(=O)[nH]2)cc1,3.0,P2Y2,7.33,DECOY_P2Y
CHEMBL3261370,O=c1[nH]/c(=N\OCCCc2cccnc2)ccn1[C@@H]1O[C@H](COP(=O)(O)OP(=O)(O)OP(=O)(O)O)[C@@H](O)[C@H]1O,3.0,P2Y2,6.49,DECOY_P2Y
CHEMBL3261371,O=c1[nH]/c(=N\OCCCc2ccncc2)ccn1[C@@H]1O[C@H](COP(=O)(O)OP(=O)(O)OP(=O)(O)O)[C@@H](O)[C@H]1O,3.0,P2Y2,6.54,DECOY_P2Y
CHEMBL3261372,O=c1[nH]/c(=N\OCCCc2ccsc2)ccn1[C@@H]1O[C@H](COP(=O)(O)OP(=O)(O)OP(=O)(O)O)[C@@H](O)[C@H]1O,3.0,P2Y2,6.99,DECOY_P2Y
CHEMBL3261373,C#CCCCO/N=c1/ccn([C@@H]2O[C@H](COP(=O)(O)OP(=O)(O)OP(=O)(O)O)[C@@H](O)[C@H]2O)c(=O)[nH]1,3.0,P2Y2,6.78,DECOY_P2Y
CHEMBL3261374,O=c1[nH]/c(=N\OCCCc2ccc3ccccc3c2)ccn1[C@@H]1O[C@H](COP(=O)(O)OP(=O)(O)OP(=O)(O)O)[C@@H](O)[C@H]1O,3.0,P2Y2,6.86,DECOY_P2Y
CHEMBL3261375,N#CC(CCO/N=c1/ccn([C@@H]2O[C@H](COP(=O)(O)OP(=O)(O)OP(=O)(O)O)[C@@H](O)[C@H]2O)c(=O)[nH]1)(c1ccccc1)c1ccccc1,3.0,P2Y2,6.03,DECOY_P2Y
CHEMBL3261376,C#CCCNC(=O)COc1ccc(CCCO/N=c2/ccn([C@@H]3O[C@H](COP(=O)(O)OP(=O)(O)OP(=O)(O)O)[C@@H](O)[C@H]3O)c(=O)[nH]2)cc1,3.0,P2Y2,6.96,DECOY_P2Y
CHEMBL3261377,CCN(CC)CC.CCN(CC)CC.N=c1ccc2c(-c3ccc(C(=O)NCCCCCCn4cc(CCNC(=O)COc5ccc(CCCO/N=c6/ccn([C@@H]7O[C@H](COP(=O)(O)OP(=O)(O)OP(=O)(O)O)[C@@H](O)[C@H]7O)c(=O)[nH]6)cc5)nn4)cc3C(=O)O)c3ccc(N)c(S(=O)(=O)O)c3oc-2c1S(=O)(=O)O,3.0,P2Y2,6.24,DECOY_P2Y
CHEMBL3261378,O=C(CCCCCNC(=O)COc1ccc(/C=C/c2ccc3n2[B-](F)(F)[N+]2=C(c4cccs4)C=CC2=C3)cc1)NCCCn1cc(CCNC(=O)COc2ccc(CCCO/N=c3/ccn([C@@H]4O[C@H](COP(=O)(O)OP(=O)(O)OP(=O)(O)O)[C@@H](O)[C@H]4O)c(=O)[nH]3)cc2)nn1,3.0,P2Y2,7.18,DECOY_P2Y
CHEMBL3261379,O=c1ccn([C@@H]2O[C@H](COP(=O)(O)OP(=O)(O)OP(=O)(O)OP(=O)(O)OC[C@H]3O[C@@H](n4cc/c(=N/OCCCc5ccccc5)[nH]c4=O)[C@H](O)[C@@H]3O)[C@@H](O)[C@H]2O)c(=O)[nH]1,3.0,P2Y2,6.41,DECOY_P2Y
CHEMBL4061969,O=c1[nH]c(=S)c(C(c2ccccc2)c2ccccc2)cn1[C@@H]1O[C@H](COP(=O)([O-])OP(=O)([O-])C(Cl)(Cl)P(=O)([O-])[O-])[C@@H](O)[C@H]1O.[Na+].[Na+].[Na+].[Na+],3.0,P2Y2,6.00,DECOY_P2Y
CHEMBL4090014,O=c1[nH]c(=S)c(C(c2ccc(Cl)cc2)c2ccc(Cl)cc2)cn1[C@@H]1O[C@H](COP(=O)([O-])OP(=O)([O-])C(Cl)(Cl)P(=O)([O-])[O-])[C@@H](O)[C@H]1O.[Na+].[Na+].[Na+].[Na+],3.0,P2Y2,7.90,DECOY_P2Y
CHEMBL4084674,Cc1ccc(C(c2ccc(C)cc2)c2cn([C@@H]3O[C@H](COP(=O)([O-])OP(=O)([O-])C(Cl)(Cl)P(=O)([O-])[O-])[C@@H](O)[C@H]3O)c(=O)[nH]c2=S)cc1.[Na+].[Na+].[Na+].[Na+],3.0,P2Y2,7.80,DECOY_P2Y
CHEMBL4063008,COc1ccc(C(c2ccc(OC)cc2)c2cn([C@@H]3O[C@H](COP(=O)([O-])OP(=O)([O-])C(Cl)(Cl)P(=O)([O-])[O-])[C@@H](O)[C@H]3O)c(=O)[nH]c2=S)cc1.[Na+].[Na+].[Na+].[Na+],3.0,P2Y2,7.10,DECOY_P2Y
CHEMBL4073600,O=c1[nH]c(=S)c(C(c2ccc(Cl)c(Cl)c2)c2ccc(Cl)c(Cl)c2)cn1[C@@H]1O[C@H](COP(=O)([O-])OP(=O)([O-])C(Cl)(Cl)P(=O)([O-])[O-])[C@@H](O)[C@H]1O.[Na+].[Na+].[Na+].[Na+],3.0,P2Y2,7.70,DECOY_P2Y
CHEMBL4094225,O=c1[nH]c(=S)c(C2c3ccccc3-c3ccccc32)cn1[C@@H]1O[C@H](COP(=O)([O-])OP(=O)([O-])C(Cl)(Cl)P(=O)([O-])[O-])[C@@H](O)[C@H]1O.[Na+].[Na+].[Na+].[Na+],3.0,P2Y2,7.20,DECOY_P2Y
CHEMBL4065010,O=c1[nH]c(=S)c(C2c3ccccc3Oc3ccccc32)cn1[C@@H]1O[C@H](COP(=O)([O-])OP(=O)([O-])C(Cl)(Cl)P(=O)([O-])[O-])[C@@H](O)[C@H]1O.[Na+].[Na+].[Na+].[Na+],3.0,P2Y2,7.30,DECOY_P2Y
CHEMBL4086462,O=c1[nH]c(=S)c(C2c3ccccc3CCc3ccccc32)cn1[C@@H]1O[C@H](COP(=O)([O-])OP(=O)([O-])C(Cl)(Cl)P(=O)([O-])[O-])[C@@H](O)[C@H]1O.[Na+].[Na+].[Na+].[Na+],3.0,P2Y2,8.00,DECOY_P2Y
CHEMBL4066222,O=c1[nH]c(=S)c(C2c3ccccc3C=Cc3ccccc32)cn1[C@@H]1O[C@H](COP(=O)([O-])OP(=O)([O-])C(Cl)(Cl)P(=O)([O-])[O-])[C@@H](O)[C@H]1O.[Na+].[Na+].[Na+].[Na+],3.0,P2Y2,8.50,DECOY_P2Y
CHEMBL4105209,Cc1ccc2c(c1)C=Cc1cc(C)ccc1C2c1cn(Cc2ccc(C(=O)O)o2)c(=O)[nH]c1=S,3.0,P2Y2,7.00,DECOY_P2Y
CHEMBL4080964,O=C(O)c1ccc(Cn2cc(C3c4ccc(Cl)cc4C=Cc4cc(Cl)ccc43)c(=S)[nH]c2=O)o1,3.0,P2Y2,6.70,DECOY_P2Y
CHEMBL4081909,Cc1ccc2c(c1)C=Cc1cc(C)ccc1C2c1cn(Cc2nc(C(=O)O)cs2)c(=O)[nH]c1=S,3.0,P2Y2,6.60,DECOY_P2Y
CHEMBL4099908,Cc1ccc2c(c1)C=Cc1cc(C)ccc1C2c1cn(Cc2nc(C(=O)N[C@@H](CC(=O)O)C(=O)O)cs2)c(=O)[nH]c1=S,3.0,P2Y2,7.40,DECOY_P2Y
CHEMBL4089252,Cc1ccc2c(c1)C=Cc1cc(C)ccc1C2c1cn(Cc2ccc(C(=O)N[C@@H](CC(=O)O)C(=O)O)o2)c(=O)[nH]c1=S,3.0,P2Y2,7.60,DECOY_P2Y
CHEMBL4068069,Cc1ccc2c(c1)C=Cc1cc(C)ccc1C2c1cn(Cc2ccc(C(=O)Nc3nc(CC(=O)O)cs3)o2)c(=O)[nH]c1=S,3.0,P2Y2,7.50,DECOY_P2Y
CHEMBL4081384,Cc1ccc2c(c1)C=Cc1cc(C)ccc1C2c1cn(Cc2ccc(C(=O)Nc3nc(CC(=O)N[C@@H](CC(=O)O)C(=O)O)cs3)o2)c(=O)[nH]c1=S,3.0,P2Y2,7.20,DECOY_P2Y
CHEMBL4082045,Cc1ccc2c(c1)C=Cc1cc(C)ccc1C2c1cn(Cc2ccc(C(=O)Nc3nnn[nH]3)o2)c(=O)[nH]c1=S,3.0,P2Y2,7.80,DECOY_P2Y
CHEMBL4125853,Cc1ccc2c(c1)C=Cc1cc(C)ccc1C2c1cn(Cc2cc(C(=O)NCCOCCOCCNC(=O)COc3ccc(/C=C/C4=[N+]5C(=Cc6ccc(-c7cccs7)n6[B-]5(F)F)C=C4)cc3)cc(C(=O)Nc3nnn[nH]3)c2)c(=O)[nH]c1=S,3.0,P2Y2,6.12,DECOY_P2Y
CHEMBL4125987,Cc1ccc2c(c1)C=Cc1cc(C)ccc1C2c1cn(Cc2cc(C(=O)NCCOCCOCCNC(=O)CCCCCNC(=O)COc3ccc(/C=C/C4=[N+]5C(C=C4)Cc4ccc(-c6cccs6)n4[B-]5(F)F)cc3)cc(C(=O)Nc3nnn[nH]3)c2)c(=O)[nH]c1=S,3.0,P2Y2,6.07,DECOY_P2Y
CHEMBL4125833,O=C(CCNc1nc2c(s1)C=Cc1cc(Cl)ccc1C2c1cn(Cc2nc(C(=O)Nc3nnn[nH]3)cs2)c(=O)[nH]c1=S)NCCNC(=O)COc1ccc(/C=C/C2=[N+]3C(=Cc4ccc(-c5cccs5)n4[B-]3(F)F)C=C2)cc1,3.0,P2Y2,6.05,DECOY_P2Y
CHEMBL4127889,Cc1cc(C)n2c1C=C1C=CC(CCC(=O)NCCNC(=O)CCNc3nc4c(s3)C=Cc3cc(Cl)ccc3C4c3cn(Cc4nc(C(=O)Nc5nnn[nH]5)cs4)c(=O)[nH]c3=S)=[N+]1[B-]2(F)F,3.0,P2Y2,7.05,DECOY_P2Y
CHEMBL4128532,O=C(CCCCCNC(=O)COc1ccc(/C=C/C2=[N+]3C(=Cc4ccc(-c5cccs5)n4[B-]3(F)F)C=C2)cc1)NCCNC(=O)CCNc1nc2c(s1)C=Cc1cc(Cl)ccc1C2c1cn(Cc2nc(C(=O)Nc3nnn[nH]3)cs2)c(=O)[nH]c1=S,3.0,P2Y2,6.89,DECOY_P2Y
CHEMBL4126655,Cc1cc(C)n2c1C=C1C=CC(/C=C/c3ccc(CCC(=O)NCCCCCC(=O)NCCNC(=O)CCNc4nc5c(s4)C=Cc4cc(Cl)ccc4C5c4cn(Cc5nc(C(=O)Nc6nnn[nH]6)cs5)c(=O)[nH]c4=S)cc3)=[N+]1[B-]2(F)F,3.0,P2Y2,6.32,DECOY_P2Y
CHEMBL4128024,Cc1ccc2c(c1)CCc1cc(C)ccc1C2c1cn(Cc2cc(C(=O)O)cc(C(=O)O)c2)c(=O)[nH]c1=S,3.0,P2Y2,6.53,DECOY_P2Y
CHEMBL4128126,Cc1ccc2c(c1)C=Cc1cc(C)ccc1C2c1cn(Cc2nc(C(=O)Nc3nnn[nH]3)cs2)c(=O)[nH]c1=S,3.0,P2Y2,6.89,DECOY_P2Y
CHEMBL4128208,CCOCCNc1nc2c(s1)C=Cc1cc(Cl)ccc1[C@H]2c1cn(C)c(=O)[nH]c1=S,3.0,P2Y2,6.56,DECOY_P2Y
CHEMBL4128318,Cc1cc(C)n2c1C=C1C=CC(CCC(=O)NCCCCCC(=O)NCCNC(=O)CCNc3nc4c(s3)C=Cc3cc(Cl)ccc3C4c3cn(C)c(=O)[nH]c3=S)=[N+]1[B-]2(F)F,3.0,P2Y2,6.40,DECOY_P2Y
CHEMBL4218507,CCCCCCSc1ccn([C@@H]2O[C@H](COP(=O)(O)OP(=O)(O)OP(=O)(O)O)[C@@H](O)[C@H]2O)c(=O)n1,3.0,P2Y2,6.08,DECOY_P2Y
CHEMBL4207607,C#CCNC(=O)COc1ccc(CCCO/N=c2\ccn([C@@H]3O[C@H](COP(=O)(O)OP(=O)(O)OP(=O)(O)O)[C@@H](O)[C@H]3O)c(=O)[nH]2)cc1,3.0,P2Y2,6.96,DECOY_P2Y
CHEMBL5596071,O=C(COc1ccc(/C=C/C2=[N+]3C(=Cc4ccc(-c5cccs5)n4[B-]3(F)F)C=C2)cc1)NCCCCCC(=O)N[C@@H](CCCNc1ncc(C(c2ccc(Cl)cc2)c2ccc(Cl)cc2)s1)C(=O)O,3.0,P2Y2,6.02,DECOY_P2Y
CHEMBL336292,CCCSc1nc(N)c2ncn([C@@H]3O[C@H](COP(=O)(O)OP(=O)(O)C(Cl)(Cl)P(=O)(O)O)[C@@H](O)[C@H]3O)c2n1,3.0,P2Y12,8.89,DECOY_P2Y
CHEMBL334966,CSCCNc1nc(SCCC(F)(F)F)nc2c1ncn2[C@@H]1O[C@H](COP(=O)(O)OP(=O)(O)C(Cl)(Cl)P(=O)(O)O)[C@@H](O)[C@H]1O,3.0,P2Y12,9.40,DECOY_P2Y
CHEMBL53599,COc1ccc2c(c1)SC1=NS(=O)(=O)C(C(=O)CS(=O)(=O)Nc3nc4ccc(OC)cc4s3)=C(O)N12,3.0,P2Y12,6.10,DECOY_P2Y
CHEMBL299895,CC(CC[C@@H](C)C1CC[C@H]2[C@@H]3C[C@H](OS(=O)(=O)[O-])[C@H]4C[C@H](OS(=O)(=O)[O-])[C@H](OS(=O)(=O)[O-])C[C@]4(C)[C@@]3(C)CC[C@]12C)C(C)(C)C.[Na+].[Na+].[Na+],3.0,P2Y12,6.32,DECOY_P2Y
CHEMBL540200,CCOc1ccc2c(c1)SC1=NS(=O)(=O)C(C(=O)CS(=O)(=O)Nc3nc4ccc(OCC)cc4s3)=C(O)N12,3.0,P2Y12,6.77,DECOY_P2Y
CHEMBL50806,CCOc1ccc2nc(NC(=O)CS(=O)(=O)Nc3nc4ccc(OCC)cc4s3)sc2c1,3.0,P2Y12,6.77,DECOY_P2Y
CHEMBL59941,Cc1c(OCCN2CCN(C)CC2)ccc2c(=O)cc(N3CCOCC3)oc12,3.0,P2Y12,6.07,DECOY_P2Y
CHEMBL91422,CN(C(=O)CCCOc1ccc2nc3nc(O)n(C)c3cc2c1)C1CCCCCC1,3.0,P2Y12,7.16,DECOY_P2Y
CHEMBL92264,O=C(CCCOc1ccc2[nH]c3nc(O)nc-3cc2c1)NC12C[C@H]3C[C@@H](C1)C[C@@H](C2)C3,3.0,P2Y12,6.92,DECOY_P2Y
CHEMBL92158,CC(=O)OCCCCOc1ccc2[nH]c3nc(O)nc-3cc2c1,3.0,P2Y12,6.02,DECOY_P2Y
CHEMBL91368,CN(C(=O)CCCOc1ccc2[nH]c3nc(O)nc-3cc2c1)C1CCCCC1,3.0,P2Y12,8.30,DECOY_P2Y
CHEMBL328149,CCOC(=O)C1CCN(C(=O)CCCOc2ccc3[nH]c4nc(O)nc-4cc3c2)CC1,3.0,P2Y12,6.68,DECOY_P2Y
CHEMBL91478,OCCCCOc1ccc2[nH]c3nc(O)nc-3cc2c1,3.0,P2Y12,7.26,DECOY_P2Y
CHEMBL92269,N#CCCCOc1ccc2[nH]c3nc(O)nc-3cc2c1,3.0,P2Y12,6.75,DECOY_P2Y
CHEMBL420980,COC(=O)CCCCc1ccc2[nH]c3nc(O)nc-3cc2c1,3.0,P2Y12,6.37,DECOY_P2Y
CHEMBL91356,Cn1c(O)nc2nc3ccc(OCCCC(=O)NC4CCCCC4)cc3cc21,3.0,P2Y12,6.75,DECOY_P2Y
CHEMBL88799,O=C(CCCCc1ccc2[nH]c3nc(O)nc-3cc2c1)NC12C[C@H]3C[C@@H](C1)C[C@@H](C2)C3,3.0,P2Y12,6.02,DECOY_P2Y
CHEMBL420618,CN(C(=O)CCCOc1ccc2nc3c(cc2c1)nc(O)n3C)C1CCCCC1,3.0,P2Y12,6.28,DECOY_P2Y
CHEMBL91359,CC(O)CCCOc1ccc2[nH]c3nc(O)nc-3cc2c1,3.0,P2Y12,7.00,DECOY_P2Y
CHEMBL423864,CCOC(=O)CCCOc1ccc2[nH]c3nc(O)nc-3cc2c1,3.0,P2Y12,6.20,DECOY_P2Y
CHEMBL90958,CN(C)C(=O)CCCOc1ccc2[nH]c3nc(O)nc-3cc2c1,3.0,P2Y12,6.72,DECOY_P2Y
CHEMBL88764,CN(C(=O)CCCCOc1ccc2nc3nc(O)n(C)c3cc2c1)C1CCCCCC1,3.0,P2Y12,6.85,DECOY_P2Y
CHEMBL90414,O=C(CCCOc1ccc2[nH]c3nc(O)nc-3cc2c1)N1CCCCC1,3.0,P2Y12,6.96,DECOY_P2Y
CHEMBL89679,Oc1nc2cc3cc(OCCCCc4nnnn4C4CCCCC4)ccc3[nH]c-2n1,3.0,P2Y12,6.60,DECOY_P2Y
CHEMBL91837,COC(=O)CCCCCOc1ccc2[nH]c3nc(O)nc-3cc2c1,3.0,P2Y12,7.05,DECOY_P2Y
CHEMBL91570,O=C(O)C1CCN(C(=O)CCCOc2ccc3[nH]c4nc(O)nc-4cc3c2)CC1,3.0,P2Y12,6.42,DECOY_P2Y
CHEMBL90881,CC(C)OC(=O)CCCOc1ccc2[nH]c3nc(O)nc-3cc2c1,3.0,P2Y12,6.23,DECOY_P2Y
CHEMBL330677,OCCCOc1ccc2[nH]c3nc(O)nc-3cc2c1,3.0,P2Y12,6.11,DECOY_P2Y
CHEMBL92363,CN(C(=O)CCCOc1ccc2nc3nc(O)n(C)c3cc2c1)C1CCCCC1,3.0,P2Y12,7.30,DECOY_P2Y
CHEMBL91127,CCOC(=O)CCc1ccc2[nH]c3nc(O)nc-3cc2c1,3.0,P2Y12,6.36,DECOY_P2Y
CHEMBL88708,CN(C(=O)CCCCc1ccc2[nH]c3nc(O)nc-3cc2c1)C1CCCCC1,3.0,P2Y12,6.68,DECOY_P2Y
CHEMBL91204,O=C(CCCCc1ccc2[nH]c3nc(O)nc-3cc2c1)N1CCCCC1,3.0,P2Y12,6.38,DECOY_P2Y
CHEMBL88444,CCOC(=O)CN(C(=O)CCCOc1ccc2[nH]c3nc(O)nc-3cc2c1)C1CCCCC1,3.0,P2Y12,7.70,DECOY_P2Y
CHEMBL89660,O=C(CCCOc1ccc2[nH]c3nc(O)nc-3cc2c1)N1CCOCC1,3.0,P2Y12,6.55,DECOY_P2Y
CHEMBL91527,CN(C(=O)CCCCCOc1ccc2[nH]c3nc(O)nc-3cc2c1)C1CCCCC1,3.0,P2Y12,7.70,DECOY_P2Y
CHEMBL93688,O=C(CCCOc1ccc2[nH]c3nc(O)nc-3cc2c1)NC1CCCCCC1,3.0,P2Y12,6.41,DECOY_P2Y
CHEMBL89876,CC(=O)OCCOc1ccc2[nH]c3nc(O)nc-3cc2c1,3.0,P2Y12,6.06,DECOY_P2Y
CHEMBL88583,Cc1ccc2[nH]c3nc(O)nc-3cc2c1C,3.0,P2Y12,6.41,DECOY_P2Y
CHEMBL88730,CCOC(=O)/C=C/c1ccc2[nH]c3nc(O)nc-3cc2c1,3.0,P2Y12,6.36,DECOY_P2Y
CHEMBL88136,COC(=O)CCCOc1ccc2[nH]c3nc(O)nc-3cc2c1,3.0,P2Y12,7.18,DECOY_P2Y
CHEMBL88955,CN(C(=O)CCCOc1ccc2[nH]c3nc(O)nc-3cc2c1)C1CCCCCC1,3.0,P2Y12,7.22,DECOY_P2Y
CHEMBL88218,O=C(CCCOc1ccc2[nH]c3nc(O)nc-3cc2c1)NC1CCCCC1,3.0,P2Y12,7.40,DECOY_P2Y
CHEMBL69139,CN(C(=O)CCCOc1ccc2c(c1)CN1CC(=O)NC1=N2)C1CCCCC1,3.0,P2Y12,7.00,DECOY_P2Y
CHEMBL91843,COC(=O)CCCCOc1ccc2[nH]c3nc(O)nc-3cc2c1,3.0,P2Y12,6.02,DECOY_P2Y
CHEMBL91044,CN(C(=O)CCCCOc1ccc2nc3nc(O)n(C)c3cc2c1)C1CCCCC1,3.0,P2Y12,6.82,DECOY_P2Y
CHEMBL90804,COC(=O)CN(C(=O)CCCOc1ccc2[nH]c3nc(O)nc-3cc2c1)C1CCCCC1,3.0,P2Y12,8.22,DECOY_P2Y
CHEMBL327374,CC(=O)OCCCOc1ccc2[nH]c3nc(O)nc-3cc2c1,3.0,P2Y12,6.48,DECOY_P2Y
CHEMBL90195,OCCOc1ccc2[nH]c3nc(O)nc-3cc2c1,3.0,P2Y12,7.70,DECOY_P2Y
CHEMBL88245,O=S(=O)(CCCCOc1ccc2[nH]c3nc(O)nc-3cc2c1)c1ccccc1,3.0,P2Y12,6.75,DECOY_P2Y
CHEMBL88877,COC(=O)CCCOc1ccc2nc3c(cc2c1)nc(O)n3C,3.0,P2Y12,6.44,DECOY_P2Y
CHEMBL314763,OCC(O)COc1ccc2[nH]c3nc(O)nc-3cc2c1,3.0,P2Y12,6.58,DECOY_P2Y
CHEMBL90677,O=S(=O)(CCCOc1ccc2[nH]c3nc(O)nc-3cc2c1)c1ccccc1,3.0,P2Y12,6.41,DECOY_P2Y
CHEMBL431799,CN(C(=O)CCCCOc1ccc2[nH]c3nc(O)nc-3cc2c1)C1CCCCCC1,3.0,P2Y12,8.30,DECOY_P2Y
CHEMBL91259,O=C(CCCOc1ccc2[nH]c3nc(O)nc-3cc2c1)NC1CCCC1,3.0,P2Y12,6.38,DECOY_P2Y
CHEMBL88108,O=C(O)CN(C(=O)CCCOc1ccc2[nH]c3nc(O)nc-3cc2c1)C1CCCCC1,3.0,P2Y12,6.04,DECOY_P2Y
CHEMBL90237,CN(C(=O)CCCCOc1ccc2[nH]c3nc(O)nc-3cc2c1)C1CCCCC1,3.0,P2Y12,8.10,DECOY_P2Y
CHEMBL369928,[3H]C([3H])([3H])C([3H])([3H])CSc1nc(N)c2ncn([C@@H]3O[C@H](COP(=O)(O)OP(=O)(O)C(Cl)(Cl)P(=O)(O)O)[C@@H](O)[C@H]3O)c2n1,3.0,P2Y12,8.34,DECOY_P2Y
CHEMBL250832,CCCCNc1nc(SCCC)nc2c1ncn2[C@@H]1O[C@H](/C=C/C(=O)N[C@@H](CC(=O)O)C(=O)O)[C@@H](O)[C@H]1O,3.0,P2Y12,7.00,DECOY_P2Y
CHEMBL437204,CCCCNc1nc(SCCC)nc2c1nnn2[C@@H]1C[C@H](/C=C/C(=O)N[C@@H](CC(=O)O)C(=O)O)[C@@H](O)[C@H]1O,3.0,P2Y12,9.30,DECOY_P2Y
CHEMBL251024,CCCCNc1nc(SCCC)nc2c1nnn2[C@@H]1O[C@H](/C=C/C(=O)N[C@@H](CC(=O)O)C(=O)O)[C@@H](O)[C@H]1O,3.0,P2Y12,9.50,DECOY_P2Y
CHEMBL250847,CCCCNc1nc(SCCC)nc2c1nnn2[C@@H]1C[C@H](C(=O)O)[C@@H](O)[C@H]1O,3.0,P2Y12,8.30,DECOY_P2Y
CHEMBL250687,CCCSc1nc(N[C@@H]2C[C@H]2c2ccccc2)c2nnn([C@@H]3C[C@H](CO)[C@@H](O)[C@H]3O)c2n1,3.0,P2Y12,8.30,DECOY_P2Y
CHEMBL266922,CCCSc1nc(N[C@@H]2C[C@H]2c2ccccc2)c2nnn([C@@H]3C[C@H](C(N)=O)[C@@H](O)[C@H]3O)c2n1,3.0,P2Y12,8.80,DECOY_P2Y
CHEMBL251041,CCCSc1nc(N[C@@H]2C[C@H]2c2ccccc2)c2nnn([C@@H]3C[C@H](C(=O)O)[C@@H](O)[C@H]3O)c2n1,3.0,P2Y12,9.60,DECOY_P2Y
CHEMBL401158,CCCCNc1nc(SCCC)nc2c1nnn2[C@@H]1C[C@H](CO)[C@@H](O)[C@H]1O,3.0,P2Y12,7.10,DECOY_P2Y
CHEMBL250848,CCCCNc1nc(SCCC)nc2c1nnn2[C@@H]1C[C@H](C(N)=O)[C@@H](O)[C@H]1O,3.0,P2Y12,7.70,DECOY_P2Y
CHEMBL249790,OCCO[C@H]1C[C@@H](n2nnc3c(N[C@@H]4C[C@H]4c4ccc(F)c(F)c4)nc(SCCC(F)(F)F)nc32)[C@H](O)[C@@H]1O,3.0,P2Y12,9.20,DECOY_P2Y
CHEMBL249789,OC[C@H]1C[C@@H](n2nnc3c(N[C@@H]4C[C@H]4c4ccc(F)c(F)c4)nc(SCCC(F)(F)F)nc32)[C@H](O)[C@@H]1O,3.0,P2Y12,8.30,DECOY_P2Y
CHEMBL249584,OC[C@H]1C[C@@H](n2nnc3c(N[C@@H]4C[C@H]4c4ccccc4)nc(SCCC(F)(F)F)nc32)[C@H](O)[C@@H]1O,3.0,P2Y12,8.30,DECOY_P2Y
CHEMBL398434,CCCSc1nc(N[C@@H]2C[C@H]2c2ccccc2)c2nnn([C@@H]3CC[C@@H](O)[C@H]3O)c2n1,3.0,P2Y12,8.60,DECOY_P2Y
CHEMBL535189,CCCSc1nc(N[C@@H]2C[C@H]2c2ccccc2)c2nnn([C@@H]3C[C@H](CO)[C@@H](O)[C@H]3O)c2n1.Cl,3.0,P2Y12,8.20,DECOY_P2Y
CHEMBL398295,CCCSc1nc(N[C@@H]2C[C@H]2c2ccccc2)c2nnn([C@@H]3C[C@H](O)[C@@H](O)[C@H]3O)c2n1,3.0,P2Y12,8.70,DECOY_P2Y
CHEMBL274713,CCCSc1nc(N[C@@H]2C[C@H]2c2ccccc2)c2nnn([C@@H]3C[C@H](OCCO)[C@@H](O)[C@H]3O)c2n1,3.0,P2Y12,8.50,DECOY_P2Y
CHEMBL1162164,O=C(Nc1ccccc1)Nc1ncnc2c1ncn2[C@@H]1O[C@H](COP(=O)(O)O)[C@H]2OC(C#Cc3ccccc3)O[C@H]21,3.0,P2Y12,6.54,DECOY_P2Y
CHEMBL1162173,CCCCCCNC(=O)Nc1ncnc2c1ncn2[C@@H]1O[C@H](COP(=O)(O)O)[C@H]2OC(C#Cc3ccccc3)O[C@H]21,3.0,P2Y12,6.68,DECOY_P2Y
CHEMBL1162172,O=C(Nc1ccccc1)Nc1ncnc2c1ncn2[C@@H]1O[C@H](COP(=O)(O)O)[C@H]2OC(/C=C/c3ccccc3)O[C@H]21,3.0,P2Y12,6.68,DECOY_P2Y
CHEMBL1162171,CCCCCCNC(=O)Nc1ncnc2c1ncn2[C@@H]1O[C@H](COP(=O)(O)O)[C@H]2OC(/C=C/c3ccccc3)O[C@H]21,3.0,P2Y12,6.62,DECOY_P2Y
CHEMBL1162175,CCNC(=O)Nc1ncnc2c1ncn2[C@@H]1O[C@H](COP(=O)(O)O)[C@H]2O[C@H](/C=C/c3ccccc3)O[C@H]21,3.0,P2Y12,7.80,DECOY_P2Y
CHEMBL1162176,CCNC(=O)Nc1ncnc2c1ncn2[C@@H]1O[C@H](COP(=O)(O)O)[C@H]2OC(/C=C/c3ccccc3)O[C@H]21,3.0,P2Y12,7.96,DECOY_P2Y
CHEMBL1162179,CCNC(=O)Nc1ncnc2c1ncn2[C@@H]1O[C@H](COP(=O)(O)O)[C@H]2OC(c3ccccc3)O[C@H]21,3.0,P2Y12,7.89,DECOY_P2Y
CHEMBL1162182,O=C(Nc1ncnc2c1ncn2[C@@H]1O[C@H](COP(=O)(O)O)[C@H]2OC(Cc3ccccc3)O[C@H]21)NC1CCCC1,3.0,P2Y12,7.44,DECOY_P2Y
CHEMBL1162184,CCNC(=O)Nc1ncnc2c1ncn2[C@@H]1O[C@H](COP(=O)(O)O)[C@H]2OC(Cc3ccccc3)O[C@H]21,3.0,P2Y12,7.39,DECOY_P2Y
CHEMBL1162185,CCCCCCNC(=O)Nc1ncnc2c1ncn2[C@@H]1O[C@H](COP(=O)(O)O)[C@H]2OC(Cc3ccccc3)O[C@H]21,3.0,P2Y12,7.28,DECOY_P2Y
CHEMBL1162188,O=C(Nc1ccccc1)Nc1ncnc2c1ncn2[C@@H]1O[C@H](COP(=O)(O)O)[C@H]2OC(Cc3ccccc3)O[C@H]21,3.0,P2Y12,6.80,DECOY_P2Y
CHEMBL1162196,Nc1ccn([C@@H]2O[C@H](COP(=O)(O)OP(=O)(O)OP(=O)(O)OP(=O)(O)OC[C@@H]3O[C@H](n4ccc(=O)[nH]c4=O)[C@H]4O[C@@H](Cc5ccccc5)O[C@H]43)[C@H]3O[C@@H](Cc4ccccc4)O[C@H]32)c(=O)n1,3.0,P2Y12,7.32,DECOY_P2Y
CHEMBL1162159,O=C(Nc1ccccc1)Nc1ncnc2c1ncn2[C@@H]1O[C@H](COP(=O)(O)OP(=O)(O)OP(=O)(O)OP(=O)(O)OC[C@@H]2O[C@H](n3cnc4c(NC(=O)Nc5ccccc5)ncnc43)[C@H]3O[C@@H](Cc4ccccc4)O[C@H]32)[C@H]2O[C@@H](Cc3ccccc3)O[C@H]21,3.0,P2Y12,6.28,DECOY_P2Y
CHEMBL1162161,O=C(Nc1ccccc1)Nc1ncnc2c1ncn2[C@@H]1O[C@H](COP(=O)(O)OP(=O)(O)O)[C@H]2O[C@@H](Cc3ccccc3)O[C@H]21,3.0,P2Y12,7.28,DECOY_P2Y
CHEMBL261244,CCNC(=O)Nc1ncnc2c1ncn2[C@@H]1O[C@H](COP(=O)([O-])[O-])[C@H]2O[C@H](/C=C/c3ccccc3)O[C@H]21.[Na+].[Na+],3.0,P2Y12,7.80,DECOY_P2Y
CHEMBL267283,CCNC(=O)Nc1ncnc2c1ncn2[C@@H]1O[C@H](COCc2cccc(C(=O)O)c2)[C@H]2O[C@H](/C=C/c3ccccc3)O[C@H]21,3.0,P2Y12,6.21,DECOY_P2Y
CHEMBL255350,CCNC(=O)Nc1ncnc2c1ncn2[C@@H]1O[C@H](COCc2ccccc2C(=O)O)[C@H]2O[C@H](/C=C/c3ccccc3)O[C@H]21,3.0,P2Y12,7.40,DECOY_P2Y
CHEMBL255349,CCNC(=O)Nc1ncnc2c1ncn2[C@@H]1O[C@H](COCC(=O)O)[C@H]2O[C@H](/C=C/c3ccccc3)O[C@H]21,3.0,P2Y12,6.61,DECOY_P2Y
CHEMBL256251,CCNC(=O)Nc1ncnc2c1ncn2[C@@H]1O[C@H](CC(=O)O)[C@H]2O[C@H](/C=C/c3ccccc3)O[C@H]21,3.0,P2Y12,6.18,DECOY_P2Y
CHEMBL272975,CCNC(=O)Nc1ncnc2c1ncn2[C@@H]1O[C@H](CNCC(=O)O)[C@H]2O[C@H](/C=C/c3ccccc3)O[C@H]21,3.0,P2Y12,6.29,DECOY_P2Y
CHEMBL401780,CCNC(=O)Nc1ncnc2c1ncn2[C@@H]1O[C@H](CN(CC2CC2C(=O)O)CC2CC2C(=O)O)[C@H]2O[C@H](/C=C/c3ccccc3)O[C@H]21,3.0,P2Y12,6.24,DECOY_P2Y
CHEMBL272113,CCNC(=O)Nc1ncnc2c1ncn2[C@@H]1O[C@H](CCC(=O)O)[C@H]2O[C@H](/C=C/c3ccccc3)O[C@H]21,3.0,P2Y12,6.30,DECOY_P2Y
CHEMBL403010,CCNC(=O)Nc1ncnc2c1ncn2[C@@H]1O[C@H](C(=O)O)[C@H]2O[C@H](/C=C/c3ccccc3)O[C@H]21,3.0,P2Y12,6.70,DECOY_P2Y
CHEMBL496620,Nc1c(S(=O)(=O)[O-])cc(Nc2ccc(Sc3ccccc3)cc2)c2c1C(=O)c1ccccc1C2=O.[Na+],3.0,P2Y12,6.05,DECOY_P2Y
CHEMBL509572,COc1nc(Cl)nc(Nc2ccc(Nc3cc(S(=O)(=O)[O-])c(N)c4c3C(=O)c3ccccc3C4=O)cc2S(=O)(=O)[O-])n1.[Na+].[Na+],3.0,P2Y12,6.18,DECOY_P2Y
CHEMBL495605,Nc1c(S(=O)(=O)[O-])cc(Nc2ccc(Cc3ccccc3)cc2)c2c1C(=O)c1ccccc1C2=O.[Na+],3.0,P2Y12,6.21,DECOY_P2Y
CHEMBL496820,Cc1cc(Nc2ccc(Nc3ccccc3)c(S(=O)(=O)[O-])c2)c2c(c1N)C(=O)c1ccccc1C2=O.[Na+],3.0,P2Y12,6.27,DECOY_P2Y
CHEMBL446904,Nc1c(S(=O)(=O)[O-])cc(Nc2ccc(Oc3ccccc3)c(S(=O)(=O)[O-])c2)c2c1C(=O)c1ccccc1C2=O.[Na+].[Na+],3.0,P2Y12,7.20,DECOY_P2Y
CHEMBL455536,Nc1c(S(=O)(=O)[O-])cc(Nc2ccc(Nc3ccccc3)c(S(=O)(=O)[O-])c2)c2c1C(=O)c1ccccc1C2=O.[Na+].[Na+],3.0,P2Y12,7.60,DECOY_P2Y
CHEMBL502519,Nc1c(C(=O)O)cc(Nc2ccc(Nc3ccccc3)c(S(=O)(=O)[O-])c2)c2c1C(=O)c1ccccc1C2=O.[Na+],3.0,P2Y12,7.68,DECOY_P2Y
CHEMBL509456,CCCCC/C=C\C\C=C/C=C/C=C/[C@@H](SC[C@H](N)C(=O)O)[C@@H](O)CCCC(=O)O,3.0,P2Y12,8.89,DECOY_P2Y
CHEMBL552972,CCCCCOC(=O)N1CCN(C(=O)[C@H](CCC(=O)O)NC(=O)c2cc(OC3CCNCC3)cc(-c3ccccc3)n2)CC1,3.0,P2Y12,6.26,DECOY_P2Y
CHEMBL539734,CCCCCOC(=O)N1CCN(C(=O)[C@H](CCC(=O)O)NC(=O)c2cc(N3CCC(CN)CC3)cc(-c3ccccc3)n2)CC1,3.0,P2Y12,6.11,DECOY_P2Y
CHEMBL557553,Cc1cccc(N2CCN(C(=O)[C@H](CCC(=O)O)NC(=O)c3cc(-c4ccccc4)cc(-c4ccccc4)n3)CC2)c1,3.0,P2Y12,8.24,DECOY_P2Y
CHEMBL564981,CCCCCCCOC(=O)N1CCN(C(=O)[C@H](CCC(=O)O)NC(=O)c2cccc(-c3ccccc3)n2)CC1,3.0,P2Y12,8.15,DECOY_P2Y
CHEMBL552971,CCCCCOC(=O)N1CCN(C(=O)[C@H](CCC(=O)O)NC(=O)c2cc(OCCOC)cc(-c3ccccc3)n2)CC1,3.0,P2Y12,8.00,DECOY_P2Y
CHEMBL560009,CCCCCOC(=O)N1CCN(C(=O)[C@H](CCC(=O)O)NC(=O)c2cccc(-c3ccccc3)n2)CC1,3.0,P2Y12,7.96,DECOY_P2Y
CHEMBL556522,CCCCCOC(=O)N1CCN(C(=O)[C@H](CCC(=O)O)NC(=O)c2cc(N3CCC(O)CC3)cc(-c3ccccc3)n2)CC1,3.0,P2Y12,7.96,DECOY_P2Y
CHEMBL540672,CCCCOC(=O)N1CCN(C(=O)[C@H](CCC(=O)O)NC(=O)c2cc(OC3CCNCC3)cc(-c3ccccc3)n2)CC1,3.0,P2Y12,7.92,DECOY_P2Y
CHEMBL564150,CCCCCCCCOC(=O)N1CCN(C(=O)[C@H](CCC(=O)O)NC(=O)c2cccc(-c3ccccc3)n2)CC1,3.0,P2Y12,7.85,DECOY_P2Y
CHEMBL550278,CCOC(=O)N1CCN(C(=O)[C@H](CCC(=O)O)NC(=O)c2cc(N3CCC(CN)CC3)cc(-c3ccccc3)n2)CC1,3.0,P2Y12,7.85,DECOY_P2Y
CHEMBL551484,CCC(=O)ON1CCN(C(=O)[C@H](CCC(=O)O)NC(=O)c2cc(-c3ccccc3)cc(-c3ccccc3)n2)CC1,3.0,P2Y12,7.82,DECOY_P2Y
CHEMBL556142,CCCCCOC(=O)N1CCN(C(=O)[C@H](CCC(=O)O)NC(=O)c2cc(N(C)CCS(C)(=O)=O)cc(-c3ccccc3)n2)CC1,3.0,P2Y12,7.82,DECOY_P2Y
CHEMBL539733,CCCCCOC(=O)N1CCN(C(=O)[C@H](CCC(=O)O)NC(=O)c2cc(N3CCC(COC)CC3)cc(-c3ccccc3)n2)CC1,3.0,P2Y12,7.82,DECOY_P2Y
CHEMBL555342,CCCCOC(=O)N1CCN(C(=O)[C@H](CCC(=O)O)NC(=O)c2cc(OCCOC)cc(-c3ccccc3)n2)CC1,3.0,P2Y12,7.75,DECOY_P2Y
CHEMBL552973,CCOC(=O)N1CCN(C(=O)[C@H](CCC(=O)O)NC(=O)c2cc(N3CCC(COC)CC3)cc(-c3ccccc3)n2)CC1,3.0,P2Y12,7.75,DECOY_P2Y
CHEMBL556330,CCCCCCOC(=O)N1CCN(C(=O)[C@H](CCC(=O)O)NC(=O)c2cc(N3CCC(CN)CC3)cc(-c3ccccc3)n2)CC1,3.0,P2Y12,7.75,DECOY_P2Y
CHEMBL562405,CCCCOC(=O)N1CCN(C(=O)[C@H](CCC(=O)O)NC(=O)c2cc(OCCO)cc(-c3ccccc3)n2)CC1,3.0,P2Y12,7.68,DECOY_P2Y
CHEMBL561406,CCOC(=O)N1CCN(C(=O)[C@H](CCC(=O)O)NC(=O)c2cc(N(CC)CC)cc(-c3ccccc3)n2)CC1,3.0,P2Y12,7.64,DECOY_P2Y
CHEMBL539732,CCCCCCOC(=O)N1CCN(C(=O)[C@H](CCC(=O)O)NC(=O)c2cc(N3CCC(O)CC3)cc(-c3ccccc3)n2)CC1,3.0,P2Y12,7.62,DECOY_P2Y
CHEMBL553572,CCOC(=O)N1CCN(C(=O)[C@H](CCC(=O)O)NC(=O)c2cc(NCc3ccccc3)cc(-c3ccccc3)n2)CC1,3.0,P2Y12,7.58,DECOY_P2Y
CHEMBL563041,CCCOC(=O)N1CCN(C(=O)[C@H](CCC(=O)O)NC(=O)c2cccc(-c3ccccc3)n2)CC1,3.0,P2Y12,7.57,DECOY_P2Y
CHEMBL554782,CCOC(=O)N1CCN(C(=O)[C@H](CCC(=O)O)NC(=O)c2cc(OCc3ccccc3)cc(-c3ccccc3)n2)CC1,3.0,P2Y12,7.55,DECOY_P2Y
CHEMBL549724,CCCCOC(=O)N1CCN(C(=O)[C@H](CCC(=O)O)NC(=O)c2cccc(-c3ccccc3)n2)CC1,3.0,P2Y12,7.54,DECOY_P2Y
CHEMBL560748,CCCCCOC(=O)N1CCN(C(=O)[C@H](CCC(=O)O)NC(=O)c2cc(OCCO)cc(-c3ccccc3)n2)CC1,3.0,P2Y12,7.50,DECOY_P2Y
CHEMBL539983,CCCCCCOC(=O)N1CCN(C(=O)[C@H](CCC(=O)O)NC(=O)c2cc(N3CCC(COC)CC3)cc(-c3ccccc3)n2)CC1,3.0,P2Y12,7.48,DECOY_P2Y
CHEMBL551620,CCOC(=O)N1CCN(C(=O)[C@H](CCC(=O)O)NC(=O)c2cc(NC)cc(-c3ccccc3)n2)CC1,3.0,P2Y12,7.46,DECOY_P2Y
CHEMBL557535,CCCCOC(=O)N1CCN(C(=O)[C@H](CCC(=O)O)NC(=O)c2cc(OCCCC)cc(-c3ccccc3)n2)CC1,3.0,P2Y12,7.44,DECOY_P2Y
CHEMBL541745,CCCCCCOC(=O)N1CCN(C(=O)[C@H](CCC(=O)O)NC(=O)c2cc(N(C)CCS(C)(=O)=O)cc(-c3ccccc3)n2)CC1,3.0,P2Y12,7.44,DECOY_P2Y
CHEMBL550206,CCCCOc1cc(C(=O)N[C@@H](CCC(=O)O)C(=O)N2CCN(C(=O)OCC)CC2)nc(-c2ccccc2)c1,3.0,P2Y12,7.41,DECOY_P2Y
CHEMBL540736,O=C(O)CC[C@H](NC(=O)c1cc(N2CCC(O)CC2)cc(-c2ccccc2)n1)C(=O)N1CCN(C(=O)OCCC2CCCC2)CC1,3.0,P2Y12,7.40,DECOY_P2Y
CHEMBL563183,CCOC(=O)N1CCN(C(=O)[C@H](CCC(=O)O)NC(=O)c2cc(N3CCC(O)CC3)cc(-c3ccccc3)n2)CC1,3.0,P2Y12,7.38,DECOY_P2Y
CHEMBL564552,CCCCCCOC(=O)N1CCN(C(=O)[C@H](CCC(=O)O)NC(=O)c2cccc(-c3ccccc3)n2)CC1,3.0,P2Y12,7.37,DECOY_P2Y
CHEMBL538645,CCOC(=O)N1CCN(C(=O)[C@H](CCC(=O)O)NC(=O)c2cc(N(C)CCS(C)(=O)=O)cc(-c3ccccc3)n2)CC1,3.0,P2Y12,7.32,DECOY_P2Y
CHEMBL559340,CCCCCOC(=O)N1CCN(C(=O)[C@H](CCC(=O)O)NC(=O)c2cc(OCCCC)cc(-c3ccccc3)n2)CC1,3.0,P2Y12,7.31,DECOY_P2Y
CHEMBL559126,CCCNc1cc(C(=O)N[C@@H](CCC(=O)O)C(=O)N2CCN(C(=O)OCC)CC2)nc(-c2ccccc2)c1,3.0,P2Y12,7.19,DECOY_P2Y
CHEMBL562344,CCOC(=O)N1CCN(C(=O)[C@H](CCC(=O)O)NC(=O)c2cc(OCCCO)cc(-c3ccccc3)n2)CC1,3.0,P2Y12,7.17,DECOY_P2Y
CHEMBL561007,CCOC(=O)N1CCN(C(=O)[C@H](CCC(=O)O)NC(=O)c2cc(OC3CCNCC3)cc(-c3ccccc3)n2)CC1,3.0,P2Y12,7.17,DECOY_P2Y
CHEMBL553856,NCC1CCN(c2cc(C(=O)N[C@@H](CCC(=O)O)C(=O)N3CCN(C(=O)OCCC4CCCC4)CC3)nc(-c3ccccc3)c2)CC1,3.0,P2Y12,7.16,DECOY_P2Y
CHEMBL553654,CCOC(=O)N1CCN(C(=O)[C@H](CCC(=O)O)NC(=O)c2cc(OCC3CCNCC3)cc(-c3ccccc3)n2)CC1,3.0,P2Y12,7.12,DECOY_P2Y
CHEMBL556493,CN(CCS(C)(=O)=O)c1cc(C(=O)N[C@@H](CCC(=O)O)C(=O)N2CCN(C(=O)OCCC3CCCC3)CC2)nc(-c2ccccc2)c1,3.0,P2Y12,7.10,DECOY_P2Y
CHEMBL538171,CCOC(=O)N1CCN(C(=O)[C@H](CCC(=O)O)NC(=O)c2cc(OC(CC)C(=O)N(CC)CC)cc(-c3ccccc3)n2)CC1,3.0,P2Y12,7.09,DECOY_P2Y
CHEMBL561484,CCOC(=O)N1CCN(C(=O)[C@H](CCC(=O)O)NC(=O)c2cc(OCCOC)cc(-c3ccccc3)n2)CC1,3.0,P2Y12,7.04,DECOY_P2Y
CHEMBL539661,C=CCOC(=O)N1CCN(C(=O)[C@H](CCC(=O)O)NC(=O)c2cc(OC3CCNCC3)cc(-c3ccccc3)n2)CC1,3.0,P2Y12,7.03,DECOY_P2Y
CHEMBL562406,C=CCOC(=O)N1CCN(C(=O)[C@H](CCC(=O)O)NC(=O)c2cc(OCCOC)cc(-c3ccccc3)n2)CC1,3.0,P2Y12,7.02,DECOY_P2Y
CHEMBL560882,CCOC(=O)N1CCN(C(=O)[C@H](CCC(=O)O)NC(=O)c2cc(OC)cc(-c3ccccc3)n2)CC1,3.0,P2Y12,7.02,DECOY_P2Y
CHEMBL552022,CCOC(=O)N1CCN(C(=O)[C@H](CCC(=O)O)NC(=O)c2cc(NCCOC)cc(-c3ccccc3)n2)CC1,3.0,P2Y12,7.00,DECOY_P2Y
CHEMBL563429,C=CCOC(=O)N1CCN(C(=O)[C@H](CCC(=O)O)NC(=O)c2cc(OCCCC)cc(-c3ccccc3)n2)CC1,3.0,P2Y12,7.00,DECOY_P2Y
CHEMBL559259,CCOC(=O)N1CCN(C(=O)[C@H](CCC(=O)O)NC(=O)c2cc(NCCO)cc(-c3ccccc3)n2)CC1,3.0,P2Y12,6.94,DECOY_P2Y
CHEMBL556723,CC(C)OC(=O)N1CCN(C(=O)[C@H](CCC(=O)O)NC(=O)c2cc(OCCO)cc(-c3ccccc3)n2)CC1,3.0,P2Y12,6.84,DECOY_P2Y
CHEMBL550415,CCCCOc1cc(C(=O)N[C@@H](CCC(=O)O)C(=O)N2CCN(C(=O)OC(C)C)CC2)nc(-c2ccccc2)c1,3.0,P2Y12,6.84,DECOY_P2Y
CHEMBL562485,CCOC(=O)N1CCN(C(=O)[C@H](CCC(=O)O)NC(=O)c2cc(OCCO)cc(-c3ccccc3)n2)CC1,3.0,P2Y12,6.80,DECOY_P2Y
CHEMBL538644,CC(C)OC(=O)N1CCN(C(=O)[C@H](CCC(=O)O)NC(=O)c2cc(OC3CCNCC3)cc(-c3ccccc3)n2)CC1,3.0,P2Y12,6.80,DECOY_P2Y
CHEMBL549727,COCCOc1cc(C(=O)N[C@@H](CCC(=O)O)C(=O)N2CCN(C(=O)OC(C)C)CC2)nc(-c2ccccc2)c1,3.0,P2Y12,6.72,DECOY_P2Y
CHEMBL541742,CCOC(=O)N1CCN(C(=O)[C@H](CCC(=O)O)NC(=O)c2cc(NCC3CCNCC3)cc(-c3ccccc3)n2)CC1,3.0,P2Y12,6.72,DECOY_P2Y
CHEMBL556446,C=CCOC(=O)N1CCN(C(=O)[C@H](CCC(=O)O)NC(=O)c2cc(OCCO)cc(-c3ccccc3)n2)CC1,3.0,P2Y12,6.69,DECOY_P2Y
CHEMBL557062,CCC(=O)ON1CCN(C(=O)[C@H](CCC(=O)O)NC(=O)c2cccc(-c3ccccc3)n2)CC1,3.0,P2Y12,6.68,DECOY_P2Y
CHEMBL551619,CCOC(=O)N1CCN(C(=O)[C@H](CCC(=O)O)NC(=O)c2cc(OCCCN)cc(-c3ccccc3)n2)CC1,3.0,P2Y12,6.67,DECOY_P2Y
CHEMBL561810,CCOC(=O)N1CCN(C(=O)[C@H](CCC(=O)O)NC(=O)c2cc(NCCN(C)C)cc(-c3ccccc3)n2)CC1,3.0,P2Y12,6.57,DECOY_P2Y
CHEMBL551217,CCOC(=O)N1CCN(C(=O)[C@H](CCC(=O)O)NC(=O)c2cc(OCCN)cc(-c3ccccc3)n2)CC1,3.0,P2Y12,6.48,DECOY_P2Y
CHEMBL552921,CCC(=O)ON1CCN(C(=O)[C@H](CCC(=O)O)NC(=O)c2ccnc(-c3ccccc3)n2)CC1,3.0,P2Y12,6.45,DECOY_P2Y
CHEMBL561692,CCC(=O)ON1CCN(C(=O)[C@H](CCC(=O)O)NC(=O)c2cc(-c3ccccc3)cc(-c3ccccc3)c2)CC1,3.0,P2Y12,6.43,DECOY_P2Y
CHEMBL556239,CCOC(=O)N1CCN(C(=O)[C@H](CCC(=O)O)NC(=O)c2cc(NC3CCOCC3)cc(-c3ccccc3)n2)CC1,3.0,P2Y12,6.34,DECOY_P2Y
CHEMBL549594,CCC(=O)ON1CCN(C(=O)[C@H](CCC(=O)O)NC(=O)c2cc(-c3ccccc3)nc(-c3ccccc3)c2)CC1,3.0,P2Y12,6.32,DECOY_P2Y
CHEMBL549797,CCC(=O)ON1CCN(C(=O)CNC(=O)c2cc(-c3ccccc3)cc(-c3ccccc3)n2)CC1,3.0,P2Y12,6.13,DECOY_P2Y
CHEMBL551020,CCOC(=O)N1CCN(C(=O)[C@H](CCC(=O)O)NC(=O)c2cc(N3CCC(N)CC3)cc(-c3ccccc3)n2)CC1,3.0,P2Y12,7.57,DECOY_P2Y
CHEMBL540737,CCOC(=O)N1CCN(C(=O)[C@H](CCC(=O)O)NC(=O)c2cc(N3CCC(N4CCCC4)CC3)cc(-c3ccccc3)n2)CC1,3.0,P2Y12,7.47,DECOY_P2Y
CHEMBL538415,CCOC(=O)N1CCN(C(=O)[C@H](CCC(=O)O)NC(=O)c2cc(N3CCN(CCN(C)C)CC3)cc(-c3ccccc3)n2)CC1,3.0,P2Y12,7.33,DECOY_P2Y
CHEMBL571599,CCCCCOC(=O)N1CCN(C(=O)[C@H](CCC(=O)O)NC(=O)c2cc(N3CCC(CC(=O)N4CCC4)CC3)nc(-c3ccccc3)n2)CC1,3.0,P2Y12,6.00,DECOY_P2Y
CHEMBL567561,CCCCCOC(=O)N1CCN(C(=O)[C@H](CCC(=O)O)NC(=O)c2cc(N3CCC(C(=O)N4CCCC4)CC3)nc(-c3ccccc3)n2)CC1,3.0,P2Y12,6.57,DECOY_P2Y
CHEMBL567133,CCCCOC(=O)N1CCN(C(=O)[C@H](CCC(=O)O)NC(=O)c2cc(N3CCC(C(=O)N4CCCC4)CC3)nc(-c3ccccc3)n2)CC1,3.0,P2Y12,6.41,DECOY_P2Y
CHEMBL566913,CCCCCOC(=O)N1CCN(C(=O)[C@H](CCC(=O)O)NC(=O)c2cc(N3CCC(C(=O)N4CCC4)CC3)nc(-c3ccccc3)n2)CC1,3.0,P2Y12,6.64,DECOY_P2Y
CHEMBL570387,CCCCCOC(=O)N1CCN(C(=O)[C@H](CCC(=O)O)NC(=O)c2cc(N3CCC(C(=O)N(CC)CC)CC3)nc(-c3ccccc3)n2)CC1,3.0,P2Y12,6.40,DECOY_P2Y
CHEMBL568211,CCCCOC(=O)N1CCN(C(=O)[C@H](CCC(=O)O)NC(=O)c2cc(N3CCC(C(=O)N(CC)CC)CC3)nc(-c3ccccc3)n2)CC1,3.0,P2Y12,6.55,DECOY_P2Y
CHEMBL567740,CCCCCOC(=O)N1CCN(C(=O)[C@H](CCC(=O)O)NC(=O)c2cc(N3CCC(C(=O)NCC)CC3)nc(-c3ccccc3)n2)CC1,3.0,P2Y12,6.03,DECOY_P2Y
CHEMBL570295,CCCCOC(=O)N1CCN(C(=O)[C@H](CCC(=O)O)NC(=O)c2cc(N3CCC(C(=O)NCC)CC3)cc(-c3ccccc3)n2)CC1,3.0,P2Y12,6.31,DECOY_P2Y
CHEMBL570386,CCCCCOC(=O)N1CCN(C(=O)[C@H](CCC(=O)O)NC(=O)c2cc(N3CCC(C(=O)N(C)C)CC3)nc(-c3ccccc3)n2)CC1,3.0,P2Y12,6.43,DECOY_P2Y
CHEMBL570385,CCCCCOC(=O)N1CCN(C(=O)[C@H](CCC(=O)O)NC(=O)c2cc(N3CCC(C(N)=O)CC3)nc(-c3ccccc3)n2)CC1,3.0,P2Y12,6.16,DECOY_P2Y
CHEMBL567280,CCCCCOC(=O)N1CCN(C(=O)[C@H](CCC(=O)O)NC(=O)c2cc(N3CCC(CCN4CCCC4)CC3)nc(-c3ccccc3)n2)CC1,3.0,P2Y12,6.09,DECOY_P2Y
CHEMBL567271,CCCCCOC(=O)N1CCN(C(=O)[C@H](CCC(=O)O)NC(=O)c2cc(N3CCC(CCN(C)C)CC3)nc(-c3ccccc3)n2)CC1,3.0,P2Y12,6.40,DECOY_P2Y
CHEMBL570154,CCCCCOC(=O)N1CCN(C(=O)[C@H](CCC(=O)O)NC(=O)c2cc(N3CCC(CCN)CC3)nc(-c3ccccc3)n2)CC1,3.0,P2Y12,6.21,DECOY_P2Y
CHEMBL567915,CCCCCOC(=O)N1CCN(C(=O)[C@H](CCC(=O)O)NC(=O)c2cc(N3CCC(CN4CCCC4)CC3)nc(-c3ccccc3)n2)CC1,3.0,P2Y12,6.25,DECOY_P2Y
CHEMBL565974,CCCCCOC(=O)N1CCN(C(=O)[C@H](CCC(=O)O)NC(=O)c2cc(N3CCC(CN(CC)CC)CC3)nc(-c3ccccc3)n2)CC1,3.0,P2Y12,6.07,DECOY_P2Y
CHEMBL570153,CCCCCOC(=O)N1CCN(C(=O)[C@H](CCC(=O)O)NC(=O)c2cc(N3CCC(CNCC)CC3)nc(-c3ccccc3)n2)CC1,3.0,P2Y12,6.11,DECOY_P2Y
CHEMBL567416,CCCCCOC(=O)N1CCN(C(=O)[C@H](CCC(=O)O)NC(=O)c2cc(N3CCC(CNC)CC3)nc(-c3ccccc3)n2)CC1,3.0,P2Y12,6.13,DECOY_P2Y
CHEMBL567050,CCCCCOC(=O)N1CCN(C(=O)[C@H](CCC(=O)O)NC(=O)c2nc(-c3ccccc3)cc(N3CCC(CN)CC3)n2)CC1,3.0,P2Y12,6.11,DECOY_P2Y
CHEMBL571584,CCCCCOC(=O)N1CCN(C(=O)[C@H](CCC(=O)O)NC(=O)c2cc(N3CCC(CN)CC3)nc(-c3ccccc3)n2)CC1,3.0,P2Y12,6.31,DECOY_P2Y
CHEMBL566599,CCCCCOC(=O)N1CCN(C(=O)[C@H](CCC(=O)O)NC(=O)c2cc(N3CCC(N4CCOCC4)CC3)nc(-c3ccccc3)n2)CC1,3.0,P2Y12,6.11,DECOY_P2Y
CHEMBL569995,CCCCOC(=O)N1CCN(C(=O)[C@H](CCC(=O)O)NC(=O)c2cc(N3CCC(N4CCOCC4)CC3)nc(-c3ccccc3)n2)CC1,3.0,P2Y12,6.06,DECOY_P2Y
CHEMBL570152,CCCCCOC(=O)N1CCN(C(=O)[C@H](CCC(=O)O)NC(=O)c2cc(N3CCC(N4CCCC4)CC3)nc(-c3ccccc3)n2)CC1,3.0,P2Y12,6.29,DECOY_P2Y
CHEMBL570064,CCCCOC(=O)N1CCN(C(=O)[C@H](CCC(=O)O)NC(=O)c2cc(N3CCC(N4CCCC4)CC3)nc(-c3ccccc3)n2)CC1,3.0,P2Y12,6.18,DECOY_P2Y
CHEMBL570045,CCCCCOC(=O)N1CCN(C(=O)[C@H](CCC(=O)O)NC(=O)c2cc(N3CCN(CC(=O)N(C)C)CC3)nc(-c3ccccc3)n2)CC1,3.0,P2Y12,6.28,DECOY_P2Y
CHEMBL570128,CCCCCOC(=O)N1CCN(C(=O)[C@H](CCC(=O)O)NC(=O)c2cc(N3CCN(C(N)=O)CC3)nc(-c3ccccc3)n2)CC1,3.0,P2Y12,6.03,DECOY_P2Y
CHEMBL568059,CCCCCOC(=O)N1CCN(C(=O)[C@H](CCC(=O)O)NC(=O)c2cc(N3CCC(N)CC3)nc(-c3ccccc3)n2)CC1,3.0,P2Y12,6.14,DECOY_P2Y
CHEMBL569913,CCCCCOC(=O)N1CCN(C(=O)[C@H](CCC(=O)O)NC(=O)c2cc(SC3CCCCC3)nc(-c3ccccc3)n2)CC1,3.0,P2Y12,7.16,DECOY_P2Y
CHEMBL569912,CCCCCOC(=O)N1CCN(C(=O)[C@H](CCC(=O)O)NC(=O)c2cc(SC3CCCC3)nc(-c3ccccc3)n2)CC1,3.0,P2Y12,7.77,DECOY_P2Y
CHEMBL569911,CCCCCOC(=O)N1CCN(C(=O)[C@H](CCC(=O)O)NC(=O)c2cc(SCC(F)(F)F)nc(-c3ccccc3)n2)CC1,3.0,P2Y12,7.66,DECOY_P2Y
CHEMBL570423,CCCCCOC(=O)N1CCN(C(=O)[C@H](CCC(=O)O)NC(=O)c2cc(SCCO)nc(-c3ccccc3)n2)CC1,3.0,P2Y12,8.35,DECOY_P2Y
CHEMBL569127,CCCCCOC(=O)N1CCN(C(=O)[C@H](CCC(=O)O)NC(=O)c2cc(SC(C)(C)C)nc(-c3ccccc3)n2)CC1,3.0,P2Y12,7.38,DECOY_P2Y
CHEMBL565363,CCCCCOC(=O)N1CCN(C(=O)[C@H](CCC(=O)O)NC(=O)c2cc(N3CCC(CC(=O)N4CCCC4)CC3)nc(-c3ccccc3)n2)CC1,3.0,P2Y12,8.80,DECOY_P2Y
CHEMBL570238,CCCCCOC(=O)N1CCN(C(=O)[C@H](CCC(=O)O)NC(=O)c2cc(N3CCC(CC(=O)N(CC)CC)CC3)nc(-c3ccccc3)n2)CC1,3.0,P2Y12,8.51,DECOY_P2Y
CHEMBL565836,CCCCCOC(=O)N1CCN(C(=O)[C@H](CCC(=O)O)NC(=O)c2cc(N3CCC(CC(=O)NCC)CC3)nc(-c3ccccc3)n2)CC1,3.0,P2Y12,9.17,DECOY_P2Y
CHEMBL565409,CCCCCOC(=O)N1CCN(C(=O)[C@H](CCC(=O)O)NC(=O)c2cc(N3CCC(CC(=O)NC)CC3)nc(-c3ccccc3)n2)CC1,3.0,P2Y12,9.05,DECOY_P2Y
CHEMBL570388,CCCCCOC(=O)N1CCN(C(=O)[C@H](CCC(=O)O)NC(=O)c2nc(-c3ccccc3)cc(N3CCC(C(=O)N4CCCC4)CC3)n2)CC1,3.0,P2Y12,8.44,DECOY_P2Y
CHEMBL567772,CCCCCOC(=O)N1CCN(C(=O)[C@H](CCC(=O)O)NC(=O)c2nc(-c3ccccc3)cc(N3CCC(C(=O)N(CC)CC)CC3)n2)CC1,3.0,P2Y12,8.44,DECOY_P2Y
CHEMBL570289,CCCCOC(=O)N1CCN(C(=O)[C@H](CCC(=O)O)NC(=O)c2cc(N3CCC(C(=O)N(C)C)CC3)nc(-c3ccccc3)n2)CC1,3.0,P2Y12,8.89,DECOY_P2Y
CHEMBL570285,CCCCCOC(=O)N1CCN(C(=O)[C@H](CCC(=O)O)NC(=O)c2nc(-c3ccccc3)cc(N3CCC(C(N)=O)CC3)n2)CC1,3.0,P2Y12,8.46,DECOY_P2Y
CHEMBL570275,CCCCCOC(=O)N1CCN(C(=O)[C@H](CCC(=O)O)NC(=O)c2cc(N3CCC(CN4CCCC4=O)CC3)nc(-c3ccccc3)n2)CC1,3.0,P2Y12,9.00,DECOY_P2Y
CHEMBL570271,CCCCCOC(=O)N1CCN(C(=O)[C@H](CCC(=O)O)NC(=O)c2nc(-c3ccccc3)cc(N3CCC(CCOC)CC3)n2)CC1,3.0,P2Y12,8.08,DECOY_P2Y
CHEMBL570263,CCCCCOC(=O)N1CCN(C(=O)[C@H](CCC(=O)O)NC(=O)c2cc(N3CCC(CCOC)CC3)nc(-c3ccccc3)n2)CC1,3.0,P2Y12,7.99,DECOY_P2Y
CHEMBL570256,CCCCOC(=O)N1CCN(C(=O)[C@H](CCC(=O)O)NC(=O)c2cc(N3CCC(CCOC)CC3)nc(-c3ccccc3)n2)CC1,3.0,P2Y12,8.70,DECOY_P2Y
CHEMBL570384,CCCCCOC(=O)N1CCN(C(=O)[C@H](CCC(=O)O)NC(=O)c2nc(-c3ccccc3)cc(N3CCC(COCCOC)CC3)n2)CC1,3.0,P2Y12,8.09,DECOY_P2Y
CHEMBL570242,CCCCCOC(=O)N1CCN(C(=O)[C@H](CCC(=O)O)NC(=O)c2cc(N3CCC(COCCOC)CC3)nc(-c3ccccc3)n2)CC1,3.0,P2Y12,8.37,DECOY_P2Y
CHEMBL571812,CCCCCOC(=O)N1CCN(C(=O)[C@H](CCC(=O)O)NC(=O)c2nc(-c3ccccc3)cc(N3CCC(COC)CC3)n2)CC1,3.0,P2Y12,7.92,DECOY_P2Y
CHEMBL567468,CCCCCOC(=O)N1CCN(C(=O)[C@H](CCC(=O)O)NC(=O)c2cc(N3CCC(COC)CC3)nc(-c3ccccc3)n2)CC1,3.0,P2Y12,8.08,DECOY_P2Y
CHEMBL565573,CCCCCOC(=O)N1CCN(C(=O)[C@H](CCC(=O)O)NC(=O)c2nc(-c3ccccc3)cc(N3CCC(OCCO)CC3)n2)CC1,3.0,P2Y12,8.00,DECOY_P2Y
CHEMBL567709,CCCCCOC(=O)N1CCN(C(=O)[C@H](CCC(=O)O)NC(=O)c2cc(N3CCC(OCCO)CC3)nc(-c3ccccc3)n2)CC1,3.0,P2Y12,9.15,DECOY_P2Y
CHEMBL570156,CCCCCOC(=O)N1CCN(C(=O)[C@H](CCC(=O)O)NC(=O)c2nc(-c3ccccc3)cc(N3CCC(OCCOC)CC3)n2)CC1,3.0,P2Y12,8.15,DECOY_P2Y
CHEMBL567064,CCCCCOC(=O)N1CCN(C(=O)[C@H](CCC(=O)O)NC(=O)c2cc(N3CCC(OCCOC)CC3)nc(-c3ccccc3)n2)CC1,3.0,P2Y12,8.28,DECOY_P2Y
CHEMBL565300,CCCCCOC(=O)N1CCN(C(=O)[C@H](CCC(=O)O)NC(=O)c2nc(-c3ccccc3)cc(N3CCC(OC)CC3)n2)CC1,3.0,P2Y12,8.13,DECOY_P2Y
CHEMBL567883,CCCCCOC(=O)N1CCN(C(=O)[C@H](CCC(=O)O)NC(=O)c2cc(N3CCC(OC)CC3)nc(-c3ccccc3)n2)CC1,3.0,P2Y12,8.30,DECOY_P2Y
CHEMBL570155,CCCCOC(=O)N1CCN(C(=O)[C@H](CCC(=O)O)NC(=O)c2cc(N3CCC(OC)CC3)nc(-c3ccccc3)n2)CC1,3.0,P2Y12,8.85,DECOY_P2Y
CHEMBL568384,CCCCCOC(=O)N1CCN(C(=O)[C@H](CCC(=O)O)NC(=O)c2nc(-c3ccccc3)cc(N3CCC(CCN4CCCC4)CC3)n2)CC1,3.0,P2Y12,8.38,DECOY_P2Y
CHEMBL566613,CCCCCOC(=O)N1CCN(C(=O)[C@H](CCC(=O)O)NC(=O)c2nc(-c3ccccc3)cc(N3CCC(CCN)CC3)n2)CC1,3.0,P2Y12,8.52,DECOY_P2Y
CHEMBL568128,CCCCCOC(=O)N1CCN(C(=O)[C@H](CCC(=O)O)NC(=O)c2nc(-c3ccccc3)cc(N3CCC(CNCC)CC3)n2)CC1,3.0,P2Y12,7.96,DECOY_P2Y
CHEMBL569722,CCCCCOC(=O)N1CCN(C(=O)[C@H](CCC(=O)O)NC(=O)c2nc(-c3ccccc3)cc(N3CCC(CNC)CC3)n2)CC1,3.0,P2Y12,7.96,DECOY_P2Y
CHEMBL565542,CCCCCOC(=O)N1CCN(C(=O)[C@H](CCC(=O)O)NC(=O)c2nc(-c3ccccc3)cc(N3CCC(N4CCOCC4)CC3)n2)CC1,3.0,P2Y12,8.23,DECOY_P2Y
CHEMBL566176,CCCCCOC(=O)N1CCN(C(=O)[C@H](CCC(=O)O)NC(=O)c2nc(-c3ccccc3)cc(N3CCC(N4CCCC4)CC3)n2)CC1,3.0,P2Y12,8.13,DECOY_P2Y
CHEMBL571929,CCCCCOC(=O)N1CCN(C(=O)[C@H](CCC(=O)O)NC(=O)c2cc(N3CCC(C)CC3)nc(-c3ccccc3)n2)CC1,3.0,P2Y12,8.12,DECOY_P2Y
CHEMBL570060,CCCCCOC(=O)N1CCN(C(=O)[C@H](CCC(=O)O)NC(=O)c2nc(-c3ccccc3)cc(N3CCN(CCOC)CC3)n2)CC1,3.0,P2Y12,7.92,DECOY_P2Y
CHEMBL570028,CCCCCOC(=O)N1CCN(C(=O)[C@H](CCC(=O)O)NC(=O)c2cc(N3CCN(CCOC)CC3)nc(-c3ccccc3)n2)CC1,3.0,P2Y12,8.64,DECOY_P2Y
CHEMBL570151,CCCCCOC(=O)N1CCN(C(=O)[C@H](CCC(=O)O)NC(=O)c2cc(N3CCN(CC(=O)N4CCCC4)CC3)nc(-c3ccccc3)n2)CC1,3.0,P2Y12,8.68,DECOY_P2Y
CHEMBL570053,CCCCCOC(=O)N1CCN(C(=O)[C@H](CCC(=O)O)NC(=O)c2nc(-c3ccccc3)cc(N3CCN(CC(=O)N(C)C)CC3)n2)CC1,3.0,P2Y12,8.17,DECOY_P2Y
CHEMBL570020,CCCCCOC(=O)N1CCN(C(=O)[C@H](CCC(=O)O)NC(=O)c2nc(-c3ccccc3)cc(N3CCN(C(=O)N(C)C)CC3)n2)CC1,3.0,P2Y12,7.85,DECOY_P2Y
CHEMBL569988,CCCCCOC(=O)N1CCN(C(=O)[C@H](CCC(=O)O)NC(=O)c2cc(N3CCN(C(=O)N(C)C)CC3)nc(-c3ccccc3)n2)CC1,3.0,P2Y12,8.54,DECOY_P2Y
CHEMBL570150,CCCCCOC(=O)N1CCN(C(=O)[C@H](CCC(=O)O)NC(=O)c2nc(-c3ccccc3)cc(N3CCN(C(N)=O)CC3)n2)CC1,3.0,P2Y12,8.24,DECOY_P2Y
CHEMBL570108,CCCCCOC(=O)N1CCN(C(=O)[C@H](CCC(=O)O)NC(=O)c2nc(-c3ccccc3)cc(N3CCN(C(C)=O)CC3)n2)CC1,3.0,P2Y12,7.54,DECOY_P2Y
CHEMBL569629,CCCCCOC(=O)N1CCN(C(=O)[C@H](CCC(=O)O)NC(=O)c2cc(N3CCN(C(C)=O)CC3)nc(-c3ccccc3)n2)CC1,3.0,P2Y12,8.43,DECOY_P2Y
CHEMBL570149,CCCCCOC(=O)N1CCN(C(=O)[C@H](CCC(=O)O)NC(=O)c2nc(-c3ccccc3)cc(N3CCNCC3)n2)CC1,3.0,P2Y12,7.66,DECOY_P2Y
CHEMBL570093,CCCCCOC(=O)N1CCN(C(=O)[C@H](CCC(=O)O)NC(=O)c2cc(N3CCNCC3)nc(-c3ccccc3)n2)CC1,3.0,P2Y12,8.70,DECOY_P2Y
CHEMBL571583,CCCCCOC(=O)N1CCN(C(=O)[C@H](CCC(=O)O)NC(=O)c2nc(-c3ccccc3)cc(N3CCC(N)CC3)n2)CC1,3.0,P2Y12,8.08,DECOY_P2Y
CHEMBL567840,CCCCCOC(=O)N1CCN(C(=O)[C@H](CCC(=O)O)NC(=O)c2nc(-c3ccccc3)cc(N3CCN(C)CC3)n2)CC1,3.0,P2Y12,7.96,DECOY_P2Y
CHEMBL565470,CCCCCOC(=O)N1CCN(C(=O)[C@H](CCC(=O)O)NC(=O)c2cc(N3CCN(C)CC3)nc(-c3ccccc3)n2)CC1,3.0,P2Y12,8.57,DECOY_P2Y
CHEMBL568498,CCCCCOC(=O)N1CCN(C(=O)[C@H](CCC(=O)O)NC(=O)c2nc(NC3CCN(C(C)C)CC3)cc(-c3ccccc3)n2)CC1,3.0,P2Y12,7.46,DECOY_P2Y
CHEMBL569742,CCCCCOC(=O)N1CCN(C(=O)[C@H](CCC(=O)O)NC(=O)c2cc(NC3CCN(C(C)C)CC3)nc(-c3ccccc3)n2)CC1,3.0,P2Y12,8.03,DECOY_P2Y
CHEMBL565249,CCCCCOC(=O)N1CCN(C(=O)[C@H](CCC(=O)O)NC(=O)c2nc(NCC3CCNC3)cc(-c3ccccc3)n2)CC1,3.0,P2Y12,7.72,DECOY_P2Y
CHEMBL567189,CCCCCOC(=O)N1CCN(C(=O)[C@H](CCC(=O)O)NC(=O)c2cc(NCC3CCNC3)nc(-c3ccccc3)n2)CC1,3.0,P2Y12,8.39,DECOY_P2Y
CHEMBL566753,CCCCCOC(=O)N1CCN(C(=O)[C@H](CCC(=O)O)NC(=O)c2nc(NCCCN(C)C)cc(-c3ccccc3)n2)CC1,3.0,P2Y12,7.42,DECOY_P2Y
CHEMBL569915,CCCCCOC(=O)N1CCN(C(=O)[C@H](CCC(=O)O)NC(=O)c2cc(NCCCN(C)C)nc(-c3ccccc3)n2)CC1,3.0,P2Y12,8.32,DECOY_P2Y
CHEMBL566745,CCCCCOC(=O)N1CCN(C(=O)[C@H](CCC(=O)O)NC(=O)c2cc(N3CC(OCC)C3)nc(-c3ccccc3)n2)CC1,3.0,P2Y12,8.92,DECOY_P2Y
CHEMBL566520,CCCCCOC(=O)N1CCN(C(=O)[C@H](CCC(=O)O)NC(=O)c2cc(N3CC(O)C3)nc(-c3ccccc3)n2)CC1,3.0,P2Y12,8.60,DECOY_P2Y
CHEMBL566309,CCCCCOC(=O)N1CCN(C(=O)[C@H](CCC(=O)O)NC(=O)c2nc(-c3ccccc3)cc(N3CCOCC3)n2)CC1,3.0,P2Y12,7.96,DECOY_P2Y
CHEMBL569914,CCCCCOC(=O)N1CCN(C(=O)[C@H](CCC(=O)O)NC(=O)c2cc(N3CCOCC3)nc(-c3ccccc3)n2)CC1,3.0,P2Y12,9.00,DECOY_P2Y
CHEMBL568257,CCCCCOC(=O)N1CCN(C(=O)[C@H](CCC(=O)O)NC(=O)c2nc(NCCOC)cc(-c3ccccc3)n2)CC1,3.0,P2Y12,8.28,DECOY_P2Y
CHEMBL568250,CCCCCOC(=O)N1CCN(C(=O)[C@H](CCC(=O)O)NC(=O)c2cc(NCCOC)nc(-c3ccccc3)n2)CC1,3.0,P2Y12,8.92,DECOY_P2Y
CHEMBL566720,CCCCOC(=O)N1CCN(C(=O)[C@H](CCC(=O)O)NC(=O)c2cc(OC(CC)C(=O)N(CC)CC)nc(-c3ccccc3)n2)CC1,3.0,P2Y12,6.91,DECOY_P2Y
CHEMBL569815,CCCCCOC(=O)N1CCN(C(=O)[C@H](CCC(=O)O)NC(=O)c2nc(OCC3CCN(C)CC3)cc(-c3ccccc3)n2)CC1,3.0,P2Y12,7.92,DECOY_P2Y
CHEMBL569910,CCCCCOC(=O)N1CCN(C(=O)[C@H](CCC(=O)O)NC(=O)c2cc(OCC3CCN(C)CC3)nc(-c3ccccc3)n2)CC1,3.0,P2Y12,8.24,DECOY_P2Y
CHEMBL569781,CCCCOC(=O)N1CCN(C(=O)[C@H](CCC(=O)O)NC(=O)c2cc(OCC3CCN(C)CC3)nc(-c3ccccc3)n2)CC1,3.0,P2Y12,7.82,DECOY_P2Y
CHEMBL569771,CCCCCOC(=O)N1CCN(C(=O)[C@H](CCC(=O)O)NC(=O)c2nc(OCC3CCNCC3)cc(-c3ccccc3)n2)CC1,3.0,P2Y12,7.51,DECOY_P2Y
CHEMBL569764,CCCCCOC(=O)N1CCN(C(=O)[C@H](CCC(=O)O)NC(=O)c2cc(OCC3CCNCC3)nc(-c3ccccc3)n2)CC1,3.0,P2Y12,8.66,DECOY_P2Y
CHEMBL568824,CCCCOC(=O)N1CCN(C(=O)[C@H](CCC(=O)O)NC(=O)c2cc(OCC3CCNCC3)nc(-c3ccccc3)n2)CC1,3.0,P2Y12,7.80,DECOY_P2Y
CHEMBL569909,CCCCOC(=O)N1CCN(C(=O)[C@H](CCC(=O)O)NC(=O)c2cc(OC3CCN(C(C)C)CC3)nc(-c3ccccc3)n2)CC1,3.0,P2Y12,7.72,DECOY_P2Y
CHEMBL569732,CCCCOC(=O)N1CCN(C(=O)[C@H](CCC(=O)O)NC(=O)c2cc(OC3CCNCC3)nc(-c3ccccc3)n2)CC1,3.0,P2Y12,7.96,DECOY_P2Y
CHEMBL569889,CCCCCOC(=O)N1CCN(C(=O)[C@H](CCC(=O)O)NC(=O)c2nc(OCCCN3CCOCC3)cc(-c3ccccc3)n2)CC1,3.0,P2Y12,7.96,DECOY_P2Y
CHEMBL569884,CCCCCOC(=O)N1CCN(C(=O)[C@H](CCC(=O)O)NC(=O)c2cc(OCCCN3CCOCC3)nc(-c3ccccc3)n2)CC1,3.0,P2Y12,8.55,DECOY_P2Y
CHEMBL569908,CCCCCOC(=O)N1CCN(C(=O)[C@H](CCC(=O)O)NC(=O)c2nc(OCCN(CC)CC)cc(-c3ccccc3)n2)CC1,3.0,P2Y12,6.74,DECOY_P2Y
CHEMBL569053,CCCCCOC(=O)N1CCN(C(=O)[C@H](CCC(=O)O)NC(=O)c2cc(OCCN(CC)CC)nc(-c3ccccc3)n2)CC1,3.0,P2Y12,7.57,DECOY_P2Y
CHEMBL569617,CCCCOC(=O)N1CCN(C(=O)[C@H](CCC(=O)O)NC(=O)c2cc(OCCN(CC)CC)nc(-c3ccccc3)n2)CC1,3.0,P2Y12,7.14,DECOY_P2Y
CHEMBL569681,CCCCOC(=O)N1CCN(C(=O)[C@H](CCC(=O)O)NC(=O)c2cc(OCC3CCCO3)nc(-c3ccccc3)n2)CC1,3.0,P2Y12,7.26,DECOY_P2Y
CHEMBL569680,CCCCCOC(=O)N1CCN(C(=O)[C@H](CCC(=O)O)NC(=O)c2nc(OCCOC)cc(-c3ccccc3)n2)CC1,3.0,P2Y12,8.92,DECOY_P2Y
CHEMBL569679,CCCCCOC(=O)N1CCN(C(=O)[C@H](CCC(=O)O)NC(=O)c2cc(OCCOC)nc(-c3ccccc3)n2)CC1,3.0,P2Y12,8.92,DECOY_P2Y
CHEMBL569319,CCCCOC(=O)N1CCN(C(=O)[C@H](CCC(=O)O)NC(=O)c2cc(OCCOC)nc(-c3ccccc3)n2)CC1,3.0,P2Y12,7.92,DECOY_P2Y
CHEMBL577508,CCc1cc2c(N3CCN(C(=O)Cc4ccccc4)CC3)ncnc2s1,3.0,P2Y12,6.18,DECOY_P2Y
CHEMBL566447,CCc1cc2c(N3CCN(C(=O)Oc4cccc5ccccc45)CC3)ncnc2s1,3.0,P2Y12,6.89,DECOY_P2Y
CHEMBL585852,CCc1cc2c(N3CCN(C(=O)c4ccc(-c5ccccc5)cc4)CC3)ncnc2s1,3.0,P2Y12,7.54,DECOY_P2Y
CHEMBL566438,CCc1cc2c(N3CCN(C(=O)c4ccc(-c5ccccc5)cc4)CC3)nc(NC(=O)NCCC(=O)O)nc2s1,3.0,P2Y12,8.00,DECOY_P2Y
CHEMBL585306,CCc1cc2c(N3CCN(C(=O)CCOc4ccccc4)CC3)nc(NC(=O)NCCC(=O)O)nc2s1,3.0,P2Y12,6.11,DECOY_P2Y
CHEMBL585950,CCc1cc2c(N3CCN(C(C)=O)CC3)nc(NC(=O)NCCC(=O)O)nc2s1,3.0,P2Y12,6.42,DECOY_P2Y
CHEMBL568127,CCC(=O)N1CCN(c2nc(NC(=O)NCCC(=O)O)nc3sc(CC)cc23)CC1,3.0,P2Y12,6.43,DECOY_P2Y
CHEMBL567715,CCc1cc2c(N3CCN(C(=O)Cc4ccc(F)c(F)c4)CC3)nc(NC(=O)NCCC(=O)O)nc2s1,3.0,P2Y12,6.85,DECOY_P2Y
CHEMBL568567,CCc1cc2c(N3CCN(C(=O)CC(F)(F)F)CC3)nc(NC(=O)NCCC(=O)O)nc2s1,3.0,P2Y12,6.76,DECOY_P2Y
CHEMBL567502,CCc1cc2c(N3CCN(C(=O)COc4cccc(OC)c4)CC3)nc(NC(=O)NCCC(=O)O)nc2s1,3.0,P2Y12,6.35,DECOY_P2Y
CHEMBL566437,CCc1cc2c(N3CCN(C(=O)c4ccc(-c5ccccc5)cn4)CC3)nc(NC(=O)NCCC(=O)O)nc2s1,3.0,P2Y12,6.79,DECOY_P2Y
CHEMBL565840,CCc1cc2c(N3CCN(C(=O)COc4ccccc4)CC3)nc(NC(=O)NCCC(=O)O)nc2s1,3.0,P2Y12,6.23,DECOY_P2Y
CHEMBL585298,CCc1cc2c(N3CCN(C(=O)C(C)C)CC3)nc(NC(=O)NCCC(=O)O)nc2s1,3.0,P2Y12,7.34,DECOY_P2Y
CHEMBL567913,CCc1cc2c(N3CCN(C(=O)Cc4ccccc4)CC3)nc(NC(=O)NCCC(=O)O)nc2s1,3.0,P2Y12,6.64,DECOY_P2Y
CHEMBL566037,CCc1cc2c(N3CCN(C(=O)c4ccc(-c5ccccc5)cc4)CC3)nc(N3CCNCC3)nc2s1,3.0,P2Y12,6.40,DECOY_P2Y
CHEMBL568774,CCc1cc2c(N3CCN(C(=O)c4ccc(-c5ccccc5)cc4)CC3)nc(N3[C@@H](C(N)=O)CC[C@H]3C(N)=O)nc2s1,3.0,P2Y12,7.68,DECOY_P2Y
CHEMBL585317,CCc1cc2c(N3CCN(C(=O)c4ccc(-c5ccccc5)cc4)CC3)nc(NCCCO)nc2s1,3.0,P2Y12,6.36,DECOY_P2Y
CHEMBL568566,CCc1cc2c(N3CCN(C(=O)c4ccc(-c5ccccc5)cc4)CC3)nc(N3CC(O)C3)nc2s1,3.0,P2Y12,6.53,DECOY_P2Y
CHEMBL568334,CCc1cc2c(N3CCN(C(=O)c4ccc(-c5ccccc5)cc4)CC3)nc(N3C[C@@H](O)C[C@H]3C(=O)O)nc2s1,3.0,P2Y12,7.51,DECOY_P2Y
CHEMBL566874,CCc1cc2c(N3CCN(C(=O)c4ccc(-c5ccccc5)cc4)CC3)nc(N3CCCC(C(N)=O)C3)nc2s1,3.0,P2Y12,6.69,DECOY_P2Y
CHEMBL565618,CCc1cc2c(N3CCN(C(=O)c4ccc(-c5ccccc5)cc4)CC3)nc(NCCO)nc2s1,3.0,P2Y12,6.79,DECOY_P2Y
CHEMBL585693,CCc1cc2c(N3CCN(C(=O)c4ccc(-c5ccccc5)cc4)CC3)nc(N3CCC(N)CC3)nc2s1,3.0,P2Y12,6.49,DECOY_P2Y
CHEMBL567702,CCc1cc2c(N3CCN(C(=O)c4ccc(-c5ccccc5)cc4)CC3)nc(NCCC(=O)O)nc2s1,3.0,P2Y12,6.91,DECOY_P2Y
CHEMBL585948,CCc1cc2c(N3CCN(C(=O)c4ccc(-c5ccccc5)cc4)CC3)nc(N3CCC(O)C3)nc2s1,3.0,P2Y12,6.62,DECOY_P2Y
CHEMBL568148,CCc1cc2c(N3CCN(C(=O)c4ccc(-c5ccccc5)cc4)CC3)nc(NC[C@@H](O)CO)nc2s1,3.0,P2Y12,7.12,DECOY_P2Y
CHEMBL568772,CCc1cc2c(N3CCN(C(=O)c4ccc(-c5ccccc5)cc4)CC3)nc(N3CCN(C(=O)C(F)(F)F)CC3)nc2s1,3.0,P2Y12,6.08,DECOY_P2Y
CHEMBL601906,CCCCOC(=O)N1CCN(C(=O)[C@H](CCC(=O)O)NC(=O)c2cc(N3CCC(C(=O)N4CCCC4)CC3)cc(-c3ccccc3)n2)CC1,3.0,P2Y12,8.20,DECOY_P2Y
CHEMBL601907,CCCCCOC(=O)N1CCN(C(=O)[C@H](CCC(=O)O)NC(=O)c2cc(N3CCC(C(=O)N4CCCC4)CC3)cc(-c3ccccc3)n2)CC1,3.0,P2Y12,8.17,DECOY_P2Y
CHEMBL589901,CCCCCOC(=O)N1CCN(C(=O)[C@H](CCC(=O)O)NC(=O)c2cc(N3CC(C(=O)NCC)C3)cc(-c3ccccc3)n2)CC1,3.0,P2Y12,8.70,DECOY_P2Y
CHEMBL590146,CCCCCOC(=O)N1CCN(C(=O)[C@H](CCC(=O)O)NC(=O)c2cc(N3CC(C(=O)NC)C3)cc(-c3ccccc3)n2)CC1,3.0,P2Y12,8.77,DECOY_P2Y
CHEMBL601489,CCCCCOC(=O)N1CCN(C(=O)[C@H](CCC(=O)O)NC(=O)c2cc(N3CC(C(N)=O)C3)cc(-c3ccccc3)n2)CC1,3.0,P2Y12,9.19,DECOY_P2Y
CHEMBL601488,CCCCCOC(=O)N1CCN(C(=O)[C@H](CCC(=O)O)NC(=O)c2cc(N3CC(CNC)C3)cc(-c3ccccc3)n2)CC1,3.0,P2Y12,8.15,DECOY_P2Y
CHEMBL601487,CCCCCOC(=O)N1CCN(C(=O)[C@H](CCC(=O)O)NC(=O)c2cc(N3CC(N4CCOCC4)C3)cc(-c3ccccc3)n2)CC1,3.0,P2Y12,8.48,DECOY_P2Y
CHEMBL590261,CCCCCOC(=O)N1CCN(C(=O)[C@H](CCC(=O)O)NC(=O)c2cc(N3CC(N(C)C)C3)cc(-c3ccccc3)n2)CC1,3.0,P2Y12,8.26,DECOY_P2Y
CHEMBL601486,CCCCCOC(=O)N1CCN(C(=O)[C@H](CCC(=O)O)NC(=O)c2cc(N3CC(OC)C3)cc(-c3ccccc3)n2)CC1,3.0,P2Y12,8.70,DECOY_P2Y
CHEMBL590194,CCCCCOC(=O)N1CCN(C(=O)[C@H](CCC(=O)O)NC(=O)c2cc(N3CC(O)C3)cc(-c3ccccc3)n2)CC1,3.0,P2Y12,8.60,DECOY_P2Y
CHEMBL601485,CCCCCOC(=O)N1CCN(C(=O)[C@H](CCC(=O)O)NC(=O)c2cc(N3CC[C@@H](C(=O)N4CCCC4)C3)cc(-c3ccccc3)n2)CC1,3.0,P2Y12,8.85,DECOY_P2Y
CHEMBL590260,CCCCCOC(=O)N1CCN(C(=O)[C@H](CCC(=O)O)NC(=O)c2cc(N3CC[C@H](C(=O)N4CCCC4)C3)cc(-c3ccccc3)n2)CC1,3.0,P2Y12,8.77,DECOY_P2Y
CHEMBL601484,CCCCCOC(=O)N1CCN(C(=O)[C@H](CCC(=O)O)NC(=O)c2cc(N3CC[C@@H](C(=O)N(CC)CC)C3)cc(-c3ccccc3)n2)CC1,3.0,P2Y12,8.59,DECOY_P2Y
CHEMBL601483,CCCCCOC(=O)N1CCN(C(=O)[C@H](CCC(=O)O)NC(=O)c2cc(N3CC[C@H](C(=O)N(CC)CC)C3)cc(-c3ccccc3)n2)CC1,3.0,P2Y12,8.77,DECOY_P2Y
CHEMBL2021587,CCCCCOC(=O)N1CCN(C(=O)[C@H](CCC(=O)O)NC(=O)c2cc(N3CC[C@@H](C(=O)N(C)C)C3)cc(-c3ccccc3)n2)CC1,3.0,P2Y12,7.62,DECOY_P2Y
CHEMBL2021586,CCCCCOC(=O)N1CCN(C(=O)[C@H](CCC(=O)O)NC(=O)c2cc(N3CC[C@H](C(=O)N(C)C)C3)cc(-c3ccccc3)n2)CC1,3.0,P2Y12,7.58,DECOY_P2Y
CHEMBL590259,CCCCCOC(=O)N1CCN(C(=O)C(CCC(=O)O)NC(=O)c2cc(N3CCC(COC)C3)cc(-c3ccccc3)n2)CC1,3.0,P2Y12,7.51,DECOY_P2Y
CHEMBL601276,CCCCCOC(=O)N1CCN(C(=O)C(CCC(=O)O)NC(=O)c2cc(N3CCC(CO)C3)cc(-c3ccccc3)n2)CC1,3.0,P2Y12,7.68,DECOY_P2Y
CHEMBL590069,CCCCCOC(=O)N1CCN(C(=O)[C@H](CCC(=O)O)NC(=O)c2cc(N3CC[C@@H](OCC(=O)N(CC)CC)C3)cc(-c3ccccc3)n2)CC1,3.0,P2Y12,8.46,DECOY_P2Y
CHEMBL590114,CCCCCOC(=O)N1CCN(C(=O)[C@H](CCC(=O)O)NC(=O)c2cc(N3CC[C@H](OCC(=O)N(C)C)C3)cc(-c3ccccc3)n2)CC1,3.0,P2Y12,8.30,DECOY_P2Y
CHEMBL590258,CCCCCOC(=O)N1CCN(C(=O)C(CCC(=O)O)NC(=O)c2cc(N3CCC(O)C3)cc(-c3ccccc3)n2)CC1,3.0,P2Y12,7.89,DECOY_P2Y
CHEMBL601275,CCCCCOC(=O)N1CCN(C(=O)[C@H](CCC(=O)O)NC(=O)c2cc(N3CCCC(C(=O)N(CC)CC)C3)cc(-c3ccccc3)n2)CC1,3.0,P2Y12,7.58,DECOY_P2Y
CHEMBL590087,CCCCCOC(=O)N1CCN(C(=O)[C@H](CCC(=O)O)NC(=O)c2cc(N3CCCC(C(N)=O)C3)cc(-c3ccccc3)n2)CC1,3.0,P2Y12,7.77,DECOY_P2Y
CHEMBL601274,CCCCCOC(=O)N1CCN(C(=O)[C@H](CCC(=O)O)NC(=O)c2cc(N3CCCC(CN4CCCC4=O)C3)cc(-c3ccccc3)n2)CC1,3.0,P2Y12,8.00,DECOY_P2Y
CHEMBL590257,CCCCCOC(=O)N1CCN(C(=O)[C@H](CCC(=O)O)NC(=O)c2cc(N3CCCC(CNC(C)=O)C3)cc(-c3ccccc3)n2)CC1,3.0,P2Y12,8.00,DECOY_P2Y
CHEMBL601273,CCCCCOC(=O)N1CCN(C(=O)[C@H](CCC(=O)O)NC(=O)c2cc(N3CCCC(CN4CCCC4)C3)cc(-c3ccccc3)n2)CC1,3.0,P2Y12,8.14,DECOY_P2Y
CHEMBL601272,CCCCCOC(=O)N1CCN(C(=O)[C@H](CCC(=O)O)NC(=O)c2cc(N3CCCC(N4CCCC4)C3)cc(-c3ccccc3)n2)CC1,3.0,P2Y12,7.96,DECOY_P2Y
CHEMBL601271,CCCCCOC(=O)N1CCN(C(=O)[C@H](CCC(=O)O)NC(=O)c2cc(N3CCCC(N)C3)cc(-c3ccccc3)n2)CC1,3.0,P2Y12,8.26,DECOY_P2Y
CHEMBL590256,CCCCCOC(=O)N1CCN(C(=O)[C@H](CCC(=O)O)NC(=O)c2cc(N3CCCC(COC)C3)cc(-c3ccccc3)n2)CC1,3.0,P2Y12,7.66,DECOY_P2Y
CHEMBL601270,CCCCCOC(=O)N1CCN(C(=O)[C@H](CCC(=O)O)NC(=O)c2cc(N3CCCC(OC)C3)cc(-c3ccccc3)n2)CC1,3.0,P2Y12,7.51,DECOY_P2Y
CHEMBL590039,CCCCCOC(=O)N1CCN(C(=O)[C@H](CCC(=O)O)NC(=O)c2cc(N3CCC[C@@H](O)C3)cc(-c3ccccc3)n2)CC1,3.0,P2Y12,7.80,DECOY_P2Y
CHEMBL590255,CCCCCOC(=O)N1CCN(C(=O)[C@H](CCC(=O)O)NC(=O)c2cc(N3CCC[C@H](O)C3)cc(-c3ccccc3)n2)CC1,3.0,P2Y12,7.75,DECOY_P2Y
CHEMBL590254,CCCCCOC(=O)N1CCN(C(=O)[C@H](CCC(=O)O)NC(=O)c2cc(N3CCN(C(=O)N4CCCC4)CC3)cc(-c3ccccc3)n2)CC1,3.0,P2Y12,8.00,DECOY_P2Y
CHEMBL601447,CCCCCOC(=O)N1CCN(C(=O)[C@H](CCC(=O)O)NC(=O)c2cc(N3CCN(C(=O)N(CC)CC)CC3)cc(-c3ccccc3)n2)CC1,3.0,P2Y12,7.92,DECOY_P2Y
CHEMBL602112,CCCCCOC(=O)N1CCN(C(=O)[C@H](CCC(=O)O)NC(=O)c2cc(N3CCN(C(=O)N(C)C)CC3)cc(-c3ccccc3)n2)CC1,3.0,P2Y12,8.23,DECOY_P2Y
CHEMBL590009,CCCCCOC(=O)N1CCN(C(=O)[C@H](CCC(=O)O)NC(=O)c2cc(N3CCN(C(N)=O)CC3)cc(-c3ccccc3)n2)CC1,3.0,P2Y12,8.20,DECOY_P2Y
CHEMBL602111,CCCCCOC(=O)N1CCN(C(=O)[C@H](CCC(=O)O)NC(=O)c2cc(N3CCN(C(=O)CN(C)C)CC3)cc(-c3ccccc3)n2)CC1,3.0,P2Y12,8.55,DECOY_P2Y
CHEMBL602110,CCCCCOC(=O)N1CCN(C(=O)[C@H](CCC(=O)O)NC(=O)c2cc(N3CCN(C(=O)C(C)C)CC3)cc(-c3ccccc3)n2)CC1,3.0,P2Y12,7.80,DECOY_P2Y
CHEMBL589930,CCCCCOC(=O)N1CCN(C(=O)[C@H](CCC(=O)O)NC(=O)c2cc(N3CCN(C(C)=O)CC3)cc(-c3ccccc3)n2)CC1,3.0,P2Y12,7.66,DECOY_P2Y
CHEMBL602109,CCCCCOC(=O)N1CCN(C(=O)[C@H](CCC(=O)O)NC(=O)c2cc(N3CCN(CC(=O)N4CCCC4)CC3)cc(-c3ccccc3)n2)CC1,3.0,P2Y12,8.28,DECOY_P2Y
CHEMBL602108,CCCCCOC(=O)N1CCN(C(=O)[C@H](CCC(=O)O)NC(=O)c2cc(N3CCN(CC(=O)N(CC)CC)CC3)cc(-c3ccccc3)n2)CC1,3.0,P2Y12,8.23,DECOY_P2Y
CHEMBL601910,CCCCCOC(=O)N1CCN(C(=O)[C@H](CCC(=O)O)NC(=O)c2cc(N3CCN(CC(=O)N(C)C)CC3)cc(-c3ccccc3)n2)CC1,3.0,P2Y12,8.31,DECOY_P2Y
CHEMBL590008,CCCCCOC(=O)N1CCN(C(=O)[C@H](CCC(=O)O)NC(=O)c2cc(N3CCN(CC(N)=O)CC3)cc(-c3ccccc3)n2)CC1,3.0,P2Y12,8.77,DECOY_P2Y
CHEMBL601909,CCCCCOC(=O)N1CCN(C(=O)[C@H](CCC(=O)O)NC(=O)c2cc(N3CCN(CCS(C)(=O)=O)CC3)cc(-c3ccccc3)n2)CC1,3.0,P2Y12,8.05,DECOY_P2Y
CHEMBL589927,CCCCCOC(=O)N1CCN(C(=O)[C@H](CCC(=O)O)NC(=O)c2cc(N3CCN(CCCN(C)C)CC3)cc(-c3ccccc3)n2)CC1,3.0,P2Y12,8.08,DECOY_P2Y
CHEMBL601908,CCCCCOC(=O)N1CCN(C(=O)[C@H](CCC(=O)O)NC(=O)c2cc(N3CCN(CCN(C)C)CC3)cc(-c3ccccc3)n2)CC1,3.0,P2Y12,8.07,DECOY_P2Y
CHEMBL590007,CCCCCOC(=O)N1CCN(C(=O)[C@H](CCC(=O)O)NC(=O)c2cc(N3CCN(CCN)CC3)cc(-c3ccccc3)n2)CC1,3.0,P2Y12,8.35,DECOY_P2Y
CHEMBL589697,CCCCCOC(=O)N1CCN(C(=O)[C@H](CCC(=O)O)NC(=O)c2cc(N3CCN(CCOCCC)CC3)cc(-c3ccccc3)n2)CC1,3.0,P2Y12,8.20,DECOY_P2Y
CHEMBL589616,CCCCCOC(=O)N1CCN(C(=O)[C@H](CCC(=O)O)NC(=O)c2cc(N3CCN(CCOC)CC3)cc(-c3ccccc3)n2)CC1,3.0,P2Y12,8.08,DECOY_P2Y
CHEMBL589597,CCCCCOC(=O)N1CCN(C(=O)[C@H](CCC(=O)O)NC(=O)c2cc(N3CCN(CCO)CC3)cc(-c3ccccc3)n2)CC1,3.0,P2Y12,7.89,DECOY_P2Y
CHEMBL590006,CCCCCOC(=O)N1CCN(C(=O)[C@H](CCC(=O)O)NC(=O)c2cc(N3CCN(CCC)CC3)cc(-c3ccccc3)n2)CC1,3.0,P2Y12,7.54,DECOY_P2Y
CHEMBL589298,CCCCCOC(=O)N1CCN(C(=O)[C@H](CCC(=O)O)NC(=O)c2cc(N3CCN(C)CC3)cc(-c3ccccc3)n2)CC1,3.0,P2Y12,7.82,DECOY_P2Y
CHEMBL590005,CCCCCOC(=O)N1CCN(C(=O)[C@H](CCC(=O)O)NC(=O)c2cc(N3CCNCC3)cc(-c3ccccc3)n2)CC1,3.0,P2Y12,8.19,DECOY_P2Y
CHEMBL601905,CCCCCOC(=O)N1CCN(C(=O)[C@H](CCC(=O)O)NC(=O)c2cc(N3CCC(C(=O)N4CCC4)CC3)cc(-c3ccccc3)n2)CC1,3.0,P2Y12,8.92,DECOY_P2Y
CHEMBL601904,CCCCCCOC(=O)N1CCN(C(=O)[C@H](CCC(=O)O)NC(=O)c2cc(N3CCC(C(=O)N(CC)CC)CC3)cc(-c3ccccc3)n2)CC1,3.0,P2Y12,8.32,DECOY_P2Y
CHEMBL589889,CCCCCOC(=O)N1CCN(C(=O)[C@H](CCC(=O)O)NC(=O)c2cc(N3CCC(C(=O)N(CC)CC)CC3)cc(-c3ccccc3)n2)CC1,3.0,P2Y12,8.40,DECOY_P2Y
CHEMBL601903,CCCCOC(=O)N1CCN(C(=O)[C@H](CCC(=O)O)NC(=O)c2cc(N3CCC(C(=O)N(CC)CC)CC3)cc(-c3ccccc3)n2)CC1,3.0,P2Y12,8.96,DECOY_P2Y
CHEMBL601699,CCCOC(=O)N1CCN(C(=O)[C@H](CCC(=O)O)NC(=O)c2cc(N3CCC(C(=O)N(CC)CC)CC3)cc(-c3ccccc3)n2)CC1,3.0,P2Y12,7.92,DECOY_P2Y
CHEMBL601698,CCCCCOC(=O)N1CCN(C(=O)[C@H](CCC(=O)O)NC(=O)c2cc(N3CCC(C(=O)N(C)C)CC3)cc(-c3ccccc3)n2)CC1,3.0,P2Y12,9.01,DECOY_P2Y
CHEMBL590004,CCCCOC(=O)N1CCN(C(=O)[C@H](CCC(=O)O)NC(=O)c2cc(N3CCC(C(=O)N(C)C)CC3)cc(-c3ccccc3)n2)CC1,3.0,P2Y12,8.59,DECOY_P2Y
CHEMBL589828,CCCCCOC(=O)N1CCN(C(=O)[C@H](CCC(=O)O)NC(=O)c2cc(N3CCC(C(=O)NC(C)C)CC3)cc(-c3ccccc3)n2)CC1,3.0,P2Y12,8.22,DECOY_P2Y
CHEMBL601697,CCCCOC(=O)N1CCN(C(=O)[C@H](CCC(=O)O)NC(=O)c2cc(N3CCC(C(=O)NC(C)C)CC3)cc(-c3ccccc3)n2)CC1,3.0,P2Y12,8.37,DECOY_P2Y
CHEMBL601696,CCCCCOC(=O)N1CCN(C(=O)[C@H](CCC(=O)O)NC(=O)c2cc(N3CCC(C(=O)NCC)CC3)cc(-c3ccccc3)n2)CC1,3.0,P2Y12,9.24,DECOY_P2Y
CHEMBL590003,CCCCCOC(=O)N1CCN(C(=O)[C@H](CCC(=O)O)NC(=O)c2cc(N3CCC(C(=O)NC)CC3)cc(-c3ccccc3)n2)CC1,3.0,P2Y12,8.10,DECOY_P2Y
CHEMBL589897,CCCCCOC(=O)N1CCN(C(=O)[C@H](CCC(=O)O)NC(=O)c2cc(N3CCC(C(N)=O)CC3)cc(-c3ccccc3)n2)CC1,3.0,P2Y12,8.19,DECOY_P2Y
CHEMBL601695,CCCCOC(=O)N1CCN(C(=O)[C@H](CCC(=O)O)NC(=O)c2cc(N3CCC(CN4CCCC4=O)CC3)cc(-c3ccccc3)n2)CC1,3.0,P2Y12,9.10,DECOY_P2Y
CHEMBL601694,CCCCCOC(=O)N1CCN(C(=O)[C@H](CCC(=O)O)NC(=O)c2cc(N3CCC(CNC(C)=O)CC3)cc(-c3ccccc3)n2)CC1,3.0,P2Y12,7.60,DECOY_P2Y
CHEMBL590002,CCCCCOC(=O)N1CCN(C(=O)[C@H](CCC(=O)O)NC(=O)c2cc(N3CCC(CCN4CCCC4)CC3)cc(-c3ccccc3)n2)CC1,3.0,P2Y12,8.10,DECOY_P2Y
CHEMBL601693,CCCCCOC(=O)N1CCN(C(=O)[C@H](CCC(=O)O)NC(=O)c2cc(N3CCC(CCN(C)C)CC3)cc(-c3ccccc3)n2)CC1,3.0,P2Y12,7.92,DECOY_P2Y
CHEMBL589824,CCCCCOC(=O)N1CCN(C(=O)[C@H](CCC(=O)O)NC(=O)c2cc(N3CCC(CCN)CC3)cc(-c3ccccc3)n2)CC1,3.0,P2Y12,8.55,DECOY_P2Y
CHEMBL590001,CCCCCOC(=O)N1CCN(C(=O)[C@H](CCC(=O)O)NC(=O)c2cc(N3CCC(CCOC)CC3)cc(-c3ccccc3)n2)CC1,3.0,P2Y12,7.96,DECOY_P2Y
CHEMBL601692,CCCCCOC(=O)N1CCN(C(=O)[C@H](CCC(=O)O)NC(=O)c2cc(N3CCC(CN4CCCC4)CC3)cc(-c3ccccc3)n2)CC1,3.0,P2Y12,8.96,DECOY_P2Y
CHEMBL601478,CCCCOC(=O)N1CCN(C(=O)[C@H](CCC(=O)O)NC(=O)c2cc(N3CCC(CN4CCCC4)CC3)cc(-c3ccccc3)n2)CC1,3.0,P2Y12,8.82,DECOY_P2Y
CHEMBL589971,CCCCCOC(=O)N1CCN(C(=O)[C@H](CCC(=O)O)NC(=O)c2cc(N3CCC(CN(CC)CC)CC3)cc(-c3ccccc3)n2)CC1,3.0,P2Y12,8.40,DECOY_P2Y
CHEMBL589961,CCCCOC(=O)N1CCN(C(=O)[C@H](CCC(=O)O)NC(=O)c2cc(N3CCC(CN(CC)CC)CC3)cc(-c3ccccc3)n2)CC1,3.0,P2Y12,8.12,DECOY_P2Y
CHEMBL589335,CCCCCOC(=O)N1CCN(C(=O)[C@H](CCC(=O)O)NC(=O)c2cc(N3CCC(CN(C)C)CC3)cc(-c3ccccc3)n2)CC1,3.0,P2Y12,8.72,DECOY_P2Y
CHEMBL589584,CCCCOC(=O)N1CCN(C(=O)[C@H](CCC(=O)O)NC(=O)c2cc(N3CCC(CN(C)C)CC3)cc(-c3ccccc3)n2)CC1,3.0,P2Y12,8.49,DECOY_P2Y
CHEMBL589804,CCCCCOC(=O)N1CCN(C(=O)[C@H](CCC(=O)O)NC(=O)c2cc(N3CCC(CNCC)CC3)cc(-c3ccccc3)n2)CC1,3.0,P2Y12,8.82,DECOY_P2Y
CHEMBL589520,CCCCOC(=O)N1CCN(C(=O)[C@H](CCC(=O)O)NC(=O)c2cc(N3CCC(CNCC)CC3)cc(-c3ccccc3)n2)CC1,3.0,P2Y12,8.42,DECOY_P2Y
CHEMBL589519,CCCCCOC(=O)N1CCN(C(=O)[C@H](CCC(=O)O)NC(=O)c2cc(N3CCC(CNC)CC3)cc(-c3ccccc3)n2)CC1,3.0,P2Y12,8.82,DECOY_P2Y
CHEMBL589518,CCCCOC(=O)N1CCN(C(=O)[C@H](CCC(=O)O)NC(=O)c2cc(N3CCC(CNC)CC3)cc(-c3ccccc3)n2)CC1,3.0,P2Y12,8.40,DECOY_P2Y
CHEMBL569097,CCCCCOC(=O)N1CCN(C(=O)[C@H](CCC(=O)O)NC(=O)c2cc(CCCN(C)C)cc(-c3ccccc3)n2)CC1,3.0,P2Y12,9.00,DECOY_P2Y
CHEMBL590950,CCCCCOC(=O)N1CCN(C(=O)[C@H](CCC(=O)O)NC(=O)c2cc(OCC3CCN(C(C)=O)CC3)cc(-c3ccccc3)n2)CC1,3.0,P2Y12,8.89,DECOY_P2Y
CHEMBL600575,CCCCCOC(=O)N1CCN(C(=O)[C@H](CCC(=O)O)NC(=O)c2cc(OCC3CCN(C(=O)OCC)CC3)cc(-c3ccccc3)n2)CC1,3.0,P2Y12,8.89,DECOY_P2Y
CHEMBL592850,CCCCOC(=O)N1CCN(C(=O)[C@H](CCC(=O)O)NC(=O)c2cc(OC(=O)N(C)CC3CCOCC3)cc(-c3ccccc3)n2)CC1,3.0,P2Y12,8.82,DECOY_P2Y
CHEMBL578522,CCCCOC(=O)N1CCN(C(=O)[C@H](CCC(=O)O)NC(=O)c2cc(OC(=O)N3CCC(OC)C3)cc(-c3ccccc3)n2)CC1,3.0,P2Y12,8.82,DECOY_P2Y
CHEMBL592441,CCCCOC(=O)N1CCN(C(=O)[C@H](CCC(=O)O)NC(=O)c2cc(OC(=O)N3CCOCC3)cc(-c3ccccc3)n2)CC1,3.0,P2Y12,8.77,DECOY_P2Y
CHEMBL590749,CCCCCOC(=O)N1CCN(C(=O)[C@H](CCC(=O)O)NC(=O)c2cc(C(=O)N3CCN(C(C)=O)CC3)cc(-c3ccccc3)n2)CC1,3.0,P2Y12,8.77,DECOY_P2Y
CHEMBL592883,CCCCOC(=O)N1CCN(C(=O)[C@H](CCC(=O)O)NC(=O)c2cc(OC(=O)N(C)C3CCOC3)cc(-c3ccccc3)n2)CC1,3.0,P2Y12,8.74,DECOY_P2Y
CHEMBL592825,CCCCOC(=O)N1CCN(C(=O)[C@H](CCC(=O)O)NC(=O)c2cc(OC(=O)N(C)C)cc(-c3ccccc3)n2)CC1,3.0,P2Y12,8.70,DECOY_P2Y
CHEMBL592884,CCCCOC(=O)N1CCN(C(=O)[C@H](CCC(=O)O)NC(=O)c2cc(OC(=O)N3CCC(OCC)CC3)cc(-c3ccccc3)n2)CC1,3.0,P2Y12,8.68,DECOY_P2Y
CHEMBL590140,CCCCCOC(=O)N1CCN(C(=O)[C@H](CCC(=O)O)NC(=O)c2cc(N(C)CCOC)cc(-c3ccccc3)n2)CC1,3.0,P2Y12,8.68,DECOY_P2Y
CHEMBL591048,CCCCCOC(=O)N1CCN(C(=O)[C@H](CCC(=O)O)NC(=O)c2cc(CCC(=O)N(C)C)cc(-c3ccccc3)n2)CC1,3.0,P2Y12,8.68,DECOY_P2Y
CHEMBL592678,CCCCCOC(=O)N1CCN(C(=O)[C@H](CCC(=O)O)NC(=O)c2cc(OC(=O)N(C)C3CCOC3)cc(-c3ccccc3)n2)CC1,3.0,P2Y12,8.64,DECOY_P2Y
CHEMBL579330,CCCCOC(=O)N1CCN(C(=O)[C@H](CCC(=O)O)NC(=O)c2cc(OC3CCN(COC)CC3)cc(-c3ccccc3)n2)CC1,3.0,P2Y12,8.62,DECOY_P2Y
CHEMBL604288,CCCCOC(=O)N1CCN(C(=O)[C@H](CCC(=O)O)NC(=O)c2cc(NCCOC)cc(-c3ccccc3)n2)CC1,3.0,P2Y12,8.62,DECOY_P2Y
CHEMBL589554,CCCCCOC(=O)N1CCN(C(=O)[C@H](CCC(=O)O)NC(=O)c2cc(N3CCC(CO)CC3)cc(-c3ccccc3)n2)CC1,3.0,P2Y12,8.62,DECOY_P2Y
CHEMBL603147,CCCCCOC(=O)N1CCN(C(=O)[C@H](CCC(=O)O)NC(=O)c2cc(C(=O)N(C)C)cc(-c3ccccc3)n2)CC1,3.0,P2Y12,8.62,DECOY_P2Y
CHEMBL592577,CCCCOC(=O)N1CCN(C(=O)[C@H](CCC(=O)O)NC(=O)c2cc(OCCC3CCCNC3)cc(-c3ccccc3)n2)CC1,3.0,P2Y12,8.60,DECOY_P2Y
CHEMBL577844,CCCCOC(=O)N1CCN(C(=O)[C@H](CCC(=O)O)NC(=O)c2cc(OC3CCN(C)CC3)cc(-c3ccccc3)n2)CC1,3.0,P2Y12,8.60,DECOY_P2Y
CHEMBL576331,CCCCOC(=O)N1CCN(C(=O)[C@H](CCC(=O)O)NC(=O)c2cc(OCC3CCN(C)CC3)cc(-c3ccccc3)n2)CC1,3.0,P2Y12,8.60,DECOY_P2Y
CHEMBL600573,CCCCOC(=O)N1CCN(C(=O)[C@H](CCC(=O)O)NC(=O)c2cc(OCC3CCN(C(=O)COC)CC3)cc(-c3ccccc3)n2)CC1,3.0,P2Y12,8.59,DECOY_P2Y
CHEMBL590744,CCCCCCOC(=O)N1CCN(C(=O)[C@H](CCC(=O)O)NC(=O)c2cc(N3CCC(N4CCCC4)CC3)cc(-c3ccccc3)n2)CC1,3.0,P2Y12,8.59,DECOY_P2Y
CHEMBL590746,CCCCCOC(=O)N1CCN(C(=O)[C@H](CCC(=O)O)NC(=O)c2cc(C(=O)N(C)CC)cc(-c3ccccc3)n2)CC1,3.0,P2Y12,8.59,DECOY_P2Y
CHEMBL603150,CCCCCOC(=O)N1CCN(C(=O)[C@H](CCC(=O)O)NC(=O)c2cc(C(=O)N(C)CCCOC)cc(-c3ccccc3)n2)CC1,3.0,P2Y12,8.59,DECOY_P2Y
CHEMBL590418,CCCCOC(=O)N1CCN(C(=O)[C@H](CCC(=O)O)NC(=O)c2cc(N3CCC(NC)CC3)cc(-c3ccccc3)n2)CC1,3.0,P2Y12,8.57,DECOY_P2Y
CHEMBL578899,CCCCOC(=O)N1CCN(C(=O)[C@H](CCC(=O)O)NC(=O)c2cc(OC3CCN(C(=O)OC)CC3)cc(-c3ccccc3)n2)CC1,3.0,P2Y12,8.55,DECOY_P2Y
CHEMBL603152,CCCCCOC(=O)N1CCN(C(=O)[C@H](CCC(=O)O)NC(=O)c2cc(C(=O)N3CCCCC3)cc(-c3ccccc3)n2)CC1,3.0,P2Y12,8.55,DECOY_P2Y
CHEMBL590990,CCCCCOC(=O)N1CCN(C(=O)[C@H](CCC(=O)O)NC(=O)c2cc(CCCCCO)cc(-c3ccccc3)n2)CC1,3.0,P2Y12,8.55,DECOY_P2Y
CHEMBL592810,CCCCOC(=O)N1CCN(C(=O)[C@H](CCC(=O)O)NC(=O)c2cc(OCCC3CCNCC3)cc(-c3ccccc3)n2)CC1,3.0,P2Y12,8.52,DECOY_P2Y
CHEMBL600055,CCCCCOC(=O)N1CCN(C(=O)[C@H](CCC(=O)O)NC(=O)c2cc(C(=O)N3CCC(OC)CC3)cc(-c3ccccc3)n2)CC1,3.0,P2Y12,8.49,DECOY_P2Y
CHEMBL590364,CCCCOC(=O)N1CCN(C(=O)[C@H](CCC(=O)O)NC(=O)c2cc(N3CCOCC3)cc(-c3ccccc3)n2)CC1,3.0,P2Y12,8.48,DECOY_P2Y
CHEMBL590208,CCCCCCOC(=O)N1CCN(C(=O)[C@H](CCC(=O)O)NC(=O)c2cc(N3CCC(N)CC3)cc(-c3ccccc3)n2)CC1,3.0,P2Y12,8.48,DECOY_P2Y
CHEMBL591227,CCCCCOC(=O)N1CCN(C(=O)[C@H](CCC(=O)O)NC(=O)c2cc(CCCCN(C)C)cc(-c3ccccc3)n2)CC1,3.0,P2Y12,8.48,DECOY_P2Y
CHEMBL590741,CCCCOC(=O)N1CCN(C(=O)[C@H](CCC(=O)O)NC(=O)c2cc(N3CCC(N)CC3)cc(-c3ccccc3)n2)CC1,3.0,P2Y12,8.46,DECOY_P2Y
CHEMBL579081,CCCCCOC(=O)N1CCN(C(=O)[C@H](CCC(=O)O)NC(=O)c2cc(OC3CCN(C(=O)OC)CC3)cc(-c3ccccc3)n2)CC1,3.0,P2Y12,8.44,DECOY_P2Y
CHEMBL590798,CCCCCOC(=O)N1CCN(C(=O)[C@H](CCC(=O)O)NC(=O)c2cc(CCCCO)cc(-c3ccccc3)n2)CC1,3.0,P2Y12,8.44,DECOY_P2Y
CHEMBL592563,CCCCOC(=O)N1CCN(C(=O)[C@H](CCC(=O)O)NC(=O)c2cc(OC3CCNC3)cc(-c3ccccc3)n2)CC1,3.0,P2Y12,8.43,DECOY_P2Y
CHEMBL592806,CCCCOC(=O)N1CCN(C(=O)[C@H](CCC(=O)O)NC(=O)c2cc(OCC3CCCNC3)cc(-c3ccccc3)n2)CC1,3.0,P2Y12,8.43,DECOY_P2Y
CHEMBL592581,CCCCOC(=O)N1CCN(C(=O)[C@H](CCC(=O)O)NC(=O)c2cc(OCCC3CCCCN3)cc(-c3ccccc3)n2)CC1,3.0,P2Y12,8.43,DECOY_P2Y
CHEMBL591185,CCCCCOC(=O)N1CCN(C(=O)[C@H](CCC(=O)O)NC(=O)c2cc(CCC(=O)N3CCOCC3)cc(-c3ccccc3)n2)CC1,3.0,P2Y12,8.43,DECOY_P2Y
CHEMBL597150,CCCCCOC(=O)N1CCN(C(=O)[C@H](CCC(=O)O)NC(=O)c2cc(CCCO)cc(-c3ccccc3)n2)CC1,3.0,P2Y12,8.42,DECOY_P2Y
CHEMBL589283,CCCCOC(=O)N1CCN(C(=O)[C@H](CCC(=O)O)NC(=O)c2cc(OCC3CCN(C(C)=O)CC3)cc(-c3ccccc3)n2)CC1,3.0,P2Y12,8.41,DECOY_P2Y
CHEMBL601704,CCCCOC(=O)N1CCN(C(=O)[C@H](CCC(=O)O)NC(=O)c2cc(N(C)CCOC)cc(-c3ccccc3)n2)CC1,3.0,P2Y12,8.40,DECOY_P2Y
CHEMBL592802,CCCCOC(=O)N1CCN(C(=O)[C@H](CCC(=O)O)NC(=O)c2cc(OCC3CCNCC3)cc(-c3ccccc3)n2)CC1,3.0,P2Y12,8.38,DECOY_P2Y
CHEMBL590748,CCCCCOC(=O)N1CCN(C(=O)[C@H](CCC(=O)O)NC(=O)c2cc(C(=O)N3CCOCC3)cc(-c3ccccc3)n2)CC1,3.0,P2Y12,8.36,DECOY_P2Y
CHEMBL592880,CCCCCOC(=O)N1CCN(C(=O)[C@H](CCC(=O)O)NC(=O)c2cc(OCC3CCNCC3)cc(-c3ccccc3)n2)CC1,3.0,P2Y12,8.35,DECOY_P2Y
CHEMBL592570,CCCCCCOC(=O)N1CCN(C(=O)[C@H](CCC(=O)O)NC(=O)c2cc(OCC3CCNCC3)cc(-c3ccccc3)n2)CC1,3.0,P2Y12,8.35,DECOY_P2Y
CHEMBL589281,CCCCOC(=O)N1CCN(C(=O)[C@H](CCC(=O)O)NC(=O)c2cc(OCC3CCN(C(C)C)CC3)cc(-c3ccccc3)n2)CC1,3.0,P2Y12,8.35,DECOY_P2Y
CHEMBL600371,CCCCCOC(=O)N1CCN(C(=O)[C@H](CCC(=O)O)NC(=O)c2cc(OCC3CCN(C(=O)C(F)(F)F)CC3)cc(-c3ccccc3)n2)CC1,3.0,P2Y12,8.35,DECOY_P2Y
CHEMBL590747,CCCCCOC(=O)N1CCN(C(=O)[C@H](CCC(=O)O)NC(=O)c2cc(C(=O)NC3CCOCC3)cc(-c3ccccc3)n2)CC1,3.0,P2Y12,8.34,DECOY_P2Y
CHEMBL592195,CCCCCOC(=O)N1CCN(C(=O)[C@H](CCC(=O)O)NC(=O)c2cc(OC(=O)N3CCOCC3)cc(-c3ccccc3)n2)CC1,3.0,P2Y12,8.32,DECOY_P2Y
CHEMBL592163,CCCCOC(=O)N1CCN(C(=O)[C@H](CCC(=O)O)NC(=O)c2cc(OCCCCO)cc(-c3ccccc3)n2)CC1,3.0,P2Y12,8.31,DECOY_P2Y
CHEMBL578271,CCCCCOC(=O)N1CCN(C(=O)[C@H](CCC(=O)O)NC(=O)c2cc(OC(=O)N3CCC(OC)C3)cc(-c3ccccc3)n2)CC1,3.0,P2Y12,8.31,DECOY_P2Y
CHEMBL592885,CCCCCOC(=O)N1CCN(C(=O)[C@H](CCC(=O)O)NC(=O)c2cc(OC3CCN(C)CC3)cc(-c3ccccc3)n2)CC1,3.0,P2Y12,8.30,DECOY_P2Y
CHEMBL590673,CCCCOC(=O)N1CCN(C(=O)[C@H](CCC(=O)O)NC(=O)c2cc(N3CCC(N(C)C)CC3)cc(-c3ccccc3)n2)CC1,3.0,P2Y12,8.30,DECOY_P2Y
CHEMBL579334,CCCCCOC(=O)N1CCN(C(=O)[C@H](CCC(=O)O)NC(=O)c2cc(OC3CCN(S(=O)(=O)CC)CC3)cc(-c3ccccc3)n2)CC1,3.0,P2Y12,8.29,DECOY_P2Y
CHEMBL592888,CCCCCOC(=O)N1CCN(C(=O)[C@H](CCC(=O)O)NC(=O)c2cc(OCC3CCN(C)CC3)cc(-c3ccccc3)n2)CC1,3.0,P2Y12,8.28,DECOY_P2Y
CHEMBL588492,CCCCOC(=O)N1CCN(C(=O)[C@H](CCC(=O)O)NC(=O)c2cc(OCC3CCN(CCOC)CC3)cc(-c3ccccc3)n2)CC1,3.0,P2Y12,8.28,DECOY_P2Y
CHEMBL600369,CCCCCOC(=O)N1CCN(C(=O)[C@H](CCC(=O)O)NC(=O)c2cc(OCC3CCN(CCOC)CC3)cc(-c3ccccc3)n2)CC1,3.0,P2Y12,8.28,DECOY_P2Y
CHEMBL600576,CCCCOC(=O)N1CCN(C(=O)[C@H](CCC(=O)O)NC(=O)c2cc(OCC3CCN(S(=O)(=O)CC)CC3)cc(-c3ccccc3)n2)CC1,3.0,P2Y12,8.28,DECOY_P2Y
CHEMBL600056,CCCCCOC(=O)N1CCN(C(=O)[C@H](CCC(=O)O)NC(=O)c2cc(C(=O)N3CCC(N(C)C)CC3)cc(-c3ccccc3)n2)CC1,3.0,P2Y12,8.27,DECOY_P2Y
CHEMBL591839,CCCCCOC(=O)N1CCN(C(=O)[C@H](CCC(=O)O)NC(=O)c2cc(OC(=O)N(C)C)cc(-c3ccccc3)n2)CC1,3.0,P2Y12,8.26,DECOY_P2Y
CHEMBL589282,CCCCCOC(=O)N1CCN(C(=O)[C@H](CCC(=O)O)NC(=O)c2cc(OCC3CCN(C(C)C)CC3)cc(-c3ccccc3)n2)CC1,3.0,P2Y12,8.26,DECOY_P2Y
CHEMBL590328,CCCCCOC(=O)N1CCN(C(=O)[C@H](CCC(=O)O)NC(=O)c2cc(N3CCCCC3)cc(-c3ccccc3)n2)CC1,3.0,P2Y12,8.26,DECOY_P2Y
CHEMBL597772,CCCCCOC(=O)N1CCN(C(=O)[C@H](CCC(=O)O)NC(=O)c2cc(NCCO)cc(-c3ccccc3)n2)CC1,3.0,P2Y12,8.24,DECOY_P2Y
CHEMBL586227,CCCCCOC(=O)N1CCN(C(=O)[C@H](CCC(=O)O)NC(=O)c2cc(C(=O)N(C)CCCC)cc(-c3ccccc3)n2)CC1,3.0,P2Y12,8.24,DECOY_P2Y
CHEMBL600057,CCCCCOC(=O)N1CCN(C(=O)[C@H](CCC(=O)O)NC(=O)c2cc(C(=O)N3CCN(C)CC3)cc(-c3ccccc3)n2)CC1,3.0,P2Y12,8.24,DECOY_P2Y
CHEMBL592531,CCCCOC(=O)N1CCN(C(=O)[C@H](CCC(=O)O)NC(=O)c2cc(OCCCOC)cc(-c3ccccc3)n2)CC1,3.0,P2Y12,8.23,DECOY_P2Y
CHEMBL578324,CCCCCOC(=O)N1CCN(C(=O)[C@H](CCC(=O)O)NC(=O)c2cc(OC(=O)N3CCC(OCC)CC3)cc(-c3ccccc3)n2)CC1,3.0,P2Y12,8.22,DECOY_P2Y
CHEMBL603149,CCCCCOC(=O)N1CCN(C(=O)[C@H](CCC(=O)O)NC(=O)c2cc(C(=O)NCCCOC)cc(-c3ccccc3)n2)CC1,3.0,P2Y12,8.21,DECOY_P2Y
CHEMBL592021,CCCCCOC(=O)N1CCN(C(=O)[C@H](CCC(=O)O)NC(=O)c2cc(OC3CCN(C(=O)OCC)CC3)cc(-c3ccccc3)n2)CC1,3.0,P2Y12,8.19,DECOY_P2Y
CHEMBL590743,CCCCCOC(=O)N1CCN(C(=O)[C@H](CCC(=O)O)NC(=O)c2cc(N3CCC(NC)CC3)cc(-c3ccccc3)n2)CC1,3.0,P2Y12,8.19,DECOY_P2Y
CHEMBL599637,CCCCOC(=O)N1CCN(C(=O)[C@H](CCC(=O)O)NC(=O)c2cc(OCCCO)cc(-c3ccccc3)n2)CC1,3.0,P2Y12,8.16,DECOY_P2Y
CHEMBL592737,CCCCOC(=O)N1CCN(C(=O)[C@H](CCC(=O)O)NC(=O)c2cc(OC3CCCNC3)cc(-c3ccccc3)n2)CC1,3.0,P2Y12,8.16,DECOY_P2Y
CHEMBL590939,CCCCCOC(=O)N1CCN(C(=O)[C@H](CCC(=O)O)NC(=O)c2cc(OC3CCN(C(C)C)CC3)cc(-c3ccccc3)n2)CC1,3.0,P2Y12,8.15,DECOY_P2Y
CHEMBL600577,CCCCCOC(=O)N1CCN(C(=O)[C@H](CCC(=O)O)NC(=O)c2cc(OCC3CCN(S(=O)(=O)CC)CC3)cc(-c3ccccc3)n2)CC1,3.0,P2Y12,8.13,DECOY_P2Y
CHEMBL598160,CCCCCOC(=O)N1CCN(C(=O)[C@H](CCC(=O)O)NC(=O)c2cc(C(N)=O)cc(-c3ccccc3)n2)CC1,3.0,P2Y12,8.12,DECOY_P2Y
CHEMBL578714,CCCCOC(=O)N1CCN(C(=O)[C@H](CCC(=O)O)NC(=O)c2cc(OC3CCN(S(=O)(=O)CC)CC3)cc(-c3ccccc3)n2)CC1,3.0,P2Y12,8.12,DECOY_P2Y
CHEMBL600574,CCCCOC(=O)N1CCN(C(=O)[C@H](CCC(=O)O)NC(=O)c2cc(OCC3CCN(C(=O)OCC)CC3)cc(-c3ccccc3)n2)CC1,3.0,P2Y12,8.12,DECOY_P2Y
CHEMBL591427,CCCCCOC(=O)N1CCN(C(=O)[C@H](CCC(=O)O)NC(=O)c2cc(OC(=O)N3CCCC3)cc(-c3ccccc3)n2)CC1,3.0,P2Y12,8.11,DECOY_P2Y
CHEMBL596961,CCCCCOC(=O)N1CCN(C(=O)[C@H](CCC(=O)O)NC(=O)c2cc(OCC)cc(-c3ccccc3)n2)CC1,3.0,P2Y12,8.10,DECOY_P2Y
CHEMBL603148,CCCCCOC(=O)N1CCN(C(=O)[C@H](CCC(=O)O)NC(=O)c2cc(C(=O)NCCOC)cc(-c3ccccc3)n2)CC1,3.0,P2Y12,8.10,DECOY_P2Y
CHEMBL590771,CCCCCOC(=O)N1CCN(C(=O)[C@H](CCC(=O)O)NC(=O)c2cc(CCCCOC)cc(-c3ccccc3)n2)CC1,3.0,P2Y12,8.08,DECOY_P2Y
CHEMBL591367,CCCCCCOC(=O)N1CCN(C(=O)[C@H](CCC(=O)O)NC(=O)c2cc(OCCN)cc(-c3ccccc3)n2)CC1,3.0,P2Y12,8.08,DECOY_P2Y
CHEMBL590856,CCCCCOC(=O)N1CCN(C(=O)[C@H](CCC(=O)O)NC(=O)c2cc(CCCOC)cc(-c3ccccc3)n2)CC1,3.0,P2Y12,8.08,DECOY_P2Y
CHEMBL590602,CCCCCOC(=O)N1CCN(C(=O)[C@H](CCC(=O)O)NC(=O)c2cc(C(=O)N(C)CCCN(C)C)cc(-c3ccccc3)n2)CC1,3.0,P2Y12,8.07,DECOY_P2Y
CHEMBL590989,CCCCCOC(=O)N1CCN(C(=O)[C@H](CCC(=O)O)NC(=O)c2cc(CC3CCCCC3)cc(-c3ccccc3)n2)CC1,3.0,P2Y12,8.07,DECOY_P2Y
CHEMBL599397,CCCCCOC(=O)N1CCN(C(=O)[C@H](CCC(=O)O)NC(=O)c2cc(OCCN)cc(-c3ccccc3)n2)CC1,3.0,P2Y12,8.06,DECOY_P2Y
CHEMBL603144,CCCCCOC(=O)N1CCN(C(=O)[C@H](CCC(=O)O)NC(=O)c2cc(N3CCC(N4CCCC4)CC3)cc(-c3ccccc3)n2)CC1,3.0,P2Y12,8.05,DECOY_P2Y
CHEMBL592671,CCCCCCOC(=O)N1CCN(C(=O)[C@H](CCC(=O)O)NC(=O)c2cc(OC3CCNCC3)cc(-c3ccccc3)n2)CC1,3.0,P2Y12,8.03,DECOY_P2Y
CHEMBL577454,CCCCOC(=O)N1CCN(C(=O)[C@H](CCC(=O)O)NC(=O)c2cc(OC3CCN(CCOC)CC3)cc(-c3ccccc3)n2)CC1,3.0,P2Y12,8.03,DECOY_P2Y
CHEMBL590262,CCCCCOC(=O)N1CCN(C(=O)[C@H](CCC(=O)O)NC(=O)c2cc(NCCOC)cc(-c3ccccc3)n2)CC1,3.0,P2Y12,8.01,DECOY_P2Y
CHEMBL592886,CCCCCOC(=O)N1CCN(C(=O)[C@H](CCC(=O)O)NC(=O)c2cc(OC3CCN(CCOC)CC3)cc(-c3ccccc3)n2)CC1,3.0,P2Y12,8.00,DECOY_P2Y
CHEMBL592650,CCCCOC(=O)N1CCN(C(=O)[C@H](CCC(=O)O)NC(=O)c2cc(OC3CCOCC3)cc(-c3ccccc3)n2)CC1,3.0,P2Y12,8.00,DECOY_P2Y
CHEMBL578076,CCCCOC(=O)N1CCN(C(=O)[C@H](CCC(=O)O)NC(=O)c2cc(OC3CCN(C(C)C)CC3)cc(-c3ccccc3)n2)CC1,3.0,P2Y12,8.00,DECOY_P2Y
CHEMBL600370,CCCCOC(=O)N1CCN(C(=O)[C@H](CCC(=O)O)NC(=O)c2cc(OCC3CCN(C(=O)C(F)(F)F)CC3)cc(-c3ccccc3)n2)CC1,3.0,P2Y12,8.00,DECOY_P2Y
CHEMBL603145,CCCCCOC(=O)N1CCN(C(=O)[C@H](CCC(=O)O)NC(=O)c2cc(N3CCC(N4CCOCC4)CC3)cc(-c3ccccc3)n2)CC1,3.0,P2Y12,8.00,DECOY_P2Y
CHEMBL598161,CCCCCOC(=O)N1CCN(C(=O)[C@H](CCC(=O)O)NC(=O)c2cc(C(=O)NC)cc(-c3ccccc3)n2)CC1,3.0,P2Y12,8.00,DECOY_P2Y
CHEMBL596750,CCCCCOC(=O)N1CCN(C(=O)[C@H](CCC(=O)O)NC(=O)c2cc(O)cc(-c3ccccc3)n2)CC1,3.0,P2Y12,7.96,DECOY_P2Y
CHEMBL592535,CCCCOC(=O)N1CCN(C(=O)[C@H](CCC(=O)O)NC(=O)c2cc(OCC3CCOCC3)cc(-c3ccccc3)n2)CC1,3.0,P2Y12,7.96,DECOY_P2Y
CHEMBL592881,CCCCOC(=O)N1CCN(C(=O)[C@H](CCC(=O)O)NC(=O)c2cc(OCC3CCCCN3)cc(-c3ccccc3)n2)CC1,3.0,P2Y12,7.96,DECOY_P2Y
CHEMBL591991,CCCCCOC(=O)N1CCN(C(=O)[C@H](CCC(=O)O)NC(=O)c2cc(OC(=O)N3CCCCC3)cc(-c3ccccc3)n2)CC1,3.0,P2Y12,7.96,DECOY_P2Y
CHEMBL577630,CCCCCOC(=O)N1CCN(C(=O)[C@H](CCC(=O)O)NC(=O)c2cc(OC3CCN(COC)CC3)cc(-c3ccccc3)n2)CC1,3.0,P2Y12,7.96,DECOY_P2Y
CHEMBL589719,CCCCCCOC(=O)N1CCN(C(=O)[C@H](CCC(=O)O)NC(=O)c2cc(NCCOC)cc(-c3ccccc3)n2)CC1,3.0,P2Y12,7.96,DECOY_P2Y
CHEMBL589737,CCCCCOC(=O)N1CCN(C(=O)[C@H](CCC(=O)O)NC(=O)c2cc(C(=O)NCCC)cc(-c3ccccc3)n2)CC1,3.0,P2Y12,7.96,DECOY_P2Y
CHEMBL603151,CCCCCOC(=O)N1CCN(C(=O)[C@H](CCC(=O)O)NC(=O)c2cc(C(=O)N(C)C3CCN(C)CC3)cc(-c3ccccc3)n2)CC1,3.0,P2Y12,7.96,DECOY_P2Y
CHEMBL578102,CCCCOC(=O)N1CCN(C(=O)[C@H](CCC(=O)O)NC(=O)c2cc(OC3CCN(C(=O)C(F)(F)F)CC3)cc(-c3ccccc3)n2)CC1,3.0,P2Y12,7.92,DECOY_P2Y
CHEMBL589216,CCCCCOC(=O)N1CCN(C(=O)[C@H](CCC(=O)O)NC(=O)c2cc(OCC3CCN(C(=O)COC)CC3)cc(-c3ccccc3)n2)CC1,3.0,P2Y12,7.92,DECOY_P2Y
CHEMBL598387,CCCCCOC(=O)N1CCN(C(=O)[C@H](CCC(=O)O)NC(=O)c2cc(NCCC)cc(-c3ccccc3)n2)CC1,3.0,P2Y12,7.92,DECOY_P2Y
CHEMBL590874,CCCCCOC(=O)N1CCN(C(=O)[C@H](CCC(=O)O)NC(=O)c2cc(CCCNCC(C)C)cc(-c3ccccc3)n2)CC1,3.0,P2Y12,7.92,DECOY_P2Y
CHEMBL603146,CCCCCOC(=O)N1CCN(C(=O)[C@H](CCC(=O)O)NC(=O)c2cc(C(=O)NCC)cc(-c3ccccc3)n2)CC1,3.0,P2Y12,7.89,DECOY_P2Y
CHEMBL591619,CCCCCCOC(=O)N1CCN(C(=O)[C@H](CCC(=O)O)NC(=O)c2cc(OCCOC)cc(-c3ccccc3)n2)CC1,3.0,P2Y12,7.85,DECOY_P2Y
CHEMBL603866,CCOC(=O)N1CCN(C(=O)[C@H](CCC(=O)O)NC(=O)c2cc(-c3ccccc3)cc(-c3ccccc3)n2)CC1,3.0,P2Y12,7.82,DECOY_P2Y
CHEMBL599399,O=C(O)CC[C@H](NC(=O)c1cccc(-c2ccccc2)n1)C(=O)N1CCN(C(=O)OCCC2CC2)CC1,3.0,P2Y12,7.82,DECOY_P2Y
CHEMBL589817,CCCCCOC(=O)N1CCN(C(=O)[C@H](CCC(=O)O)NC(=O)c2cc(N3CCC(OC)CC3)cc(-c3ccccc3)n2)CC1,3.0,P2Y12,7.82,DECOY_P2Y
CHEMBL590742,CCCCCOC(=O)N1CCN(C(=O)[C@H](CCC(=O)O)NC(=O)c2cc(N3CCC(N)CC3)cc(-c3ccccc3)n2)CC1,3.0,P2Y12,7.77,DECOY_P2Y
CHEMBL596732,O=C(O)CC[C@H](NC(=O)c1cccc(-c2ccccc2)n1)C(=O)N1CCN(C(=O)OCCCC(F)(F)F)CC1,3.0,P2Y12,7.75,DECOY_P2Y
CHEMBL602294,CCCCCOC(=O)N1CCN(C(=O)[C@H](CCC(=O)O)NC(=O)c2cc(OCCC)cc(-c3ccccc3)n2)CC1,3.0,P2Y12,7.75,DECOY_P2Y
CHEMBL591593,CCCCCCOC(=O)N1CCN(C(=O)[C@H](CCC(=O)O)NC(=O)c2cc(OCCO)cc(-c3ccccc3)n2)CC1,3.0,P2Y12,7.75,DECOY_P2Y
CHEMBL592887,CCCCCOC(=O)N1CCN(C(=O)[C@H](CCC(=O)O)NC(=O)c2cc(OC3CCN(C(=O)C(F)(F)F)CC3)cc(-c3ccccc3)n2)CC1,3.0,P2Y12,7.72,DECOY_P2Y
CHEMBL599005,CCCCCCOC(=O)N1CCN(C(=O)[C@H](CCC(=O)O)NC(=O)c2cc(O)cc(-c3ccccc3)n2)CC1,3.0,P2Y12,7.70,DECOY_P2Y
CHEMBL578335,CCCCOC(=O)N1CCN(C(=O)[C@H](CCC(=O)O)NC(=O)c2cc(OC3CCN(C(=O)OCC)CC3)cc(-c3ccccc3)n2)CC1,3.0,P2Y12,7.70,DECOY_P2Y
CHEMBL589198,CCCCCOC(=O)N1CCN(C(=O)[C@H](CCC(=O)O)NC(=O)c2cc(N3CCC(N(C)C)CC3)cc(-c3ccccc3)n2)CC1,3.0,P2Y12,7.66,DECOY_P2Y
CHEMBL590745,CCCCCOC(=O)N1CCN(C(=O)[C@H](CCC(=O)O)NC(=O)c2cc(N3CCC(COCCC)CC3)cc(-c3ccccc3)n2)CC1,3.0,P2Y12,7.66,DECOY_P2Y
CHEMBL591226,CCCCCOC(=O)N1CCN(C(=O)[C@H](CCC(=O)O)NC(=O)c2cc(CCCN(CC)CC)cc(-c3ccccc3)n2)CC1,3.0,P2Y12,7.66,DECOY_P2Y
CHEMBL598376,O=C(O)CC[C@H](NC(=O)c1cccc(-c2ccccc2)n1)C(=O)N1CCN(C(=O)OCC2CCC2)CC1,3.0,P2Y12,7.55,DECOY_P2Y
CHEMBL592882,CCOc1cc(C(=O)N[C@@H](CCC(=O)O)C(=O)N2CCN(C(=O)OCc3ccccc3)CC2)nc(-c2ccccc2)c1,3.0,P2Y12,7.55,DECOY_P2Y
CHEMBL599825,CCCCOC(=O)N1CCN(C(=O)[C@H](CCC(=O)O)NC(=O)c2cc(O)cc(-c3ccccc3)n2)CC1,3.0,P2Y12,7.51,DECOY_P2Y
CHEMBL599400,CC(C)CCOC(=O)N1CCN(C(=O)[C@H](CCC(=O)O)NC(=O)c2cccc(-c3ccccc3)n2)CC1,3.0,P2Y12,7.48,DECOY_P2Y
CHEMBL606408,CCOC(=O)N1CCN(C(=O)[C@H](CCC(=O)O)NC(=O)c2cc(N3CCOCC3)cc(-c3ccccc3)n2)CC1,3.0,P2Y12,7.41,DECOY_P2Y
CHEMBL598588,CC(C)(C)CCOC(=O)N1CCN(C(=O)[C@H](CCC(=O)O)NC(=O)c2cccc(-c3ccccc3)n2)CC1,3.0,P2Y12,7.38,DECOY_P2Y
CHEMBL598375,O=C(O)CC[C@H](NC(=O)c1cccc(-c2ccccc2)n1)C(=O)N1CCN(C(=O)OC2CCCCC2)CC1,3.0,P2Y12,7.36,DECOY_P2Y
CHEMBL591945,CCCCCOC(=O)N1CCN(C(=O)[C@H](CCC(=O)O)NC(=O)c2cc(OC(=O)N(C)CC3CCOCC3)cc(-c3ccccc3)n2)CC1,3.0,P2Y12,7.35,DECOY_P2Y
CHEMBL598386,CCOC(=O)N1CCN(C(=O)[C@H](CCC(=O)O)NC(=O)c2cc(N(C)C)cc(-c3ccccc3)n2)CC1,3.0,P2Y12,7.35,DECOY_P2Y
CHEMBL598594,CCCN(CCC)c1cc(C(=O)N[C@@H](CCC(=O)O)C(=O)N2CCN(C(=O)OCC)CC2)nc(-c2ccccc2)c1,3.0,P2Y12,7.35,DECOY_P2Y
CHEMBL599197,O=C(O)CC[C@H](NC(=O)c1cccc(-c2ccccc2)n1)C(=O)N1CCN(C(=O)OCC2CCCC2)CC1,3.0,P2Y12,7.34,DECOY_P2Y
CHEMBL598374,O=C(O)CC[C@H](NC(=O)c1cccc(-c2ccccc2)n1)C(=O)N1CCN(C(=O)OC2CCCC2)CC1,3.0,P2Y12,7.33,DECOY_P2Y
CHEMBL589550,CCOC(=O)N1CCN(C(=O)[C@H](CCC(=O)O)NC(=O)c2cc(N3CCC(CO)CC3)cc(-c3ccccc3)n2)CC1,3.0,P2Y12,7.27,DECOY_P2Y
CHEMBL597765,CCOC(=O)N1CCN(C(=O)[C@H](CCC(=O)O)NC(=O)c2cc(O)cc(-c3ccccc3)n2)CC1,3.0,P2Y12,7.21,DECOY_P2Y
CHEMBL589290,CCCCOC(=O)N1CCN(C(=O)[C@H](CCC(=O)O)NC(=O)c2cc(N3CCC(N4CCCC4)CC3)cc(-c3ccccc3)n2)CC1,3.0,P2Y12,7.19,DECOY_P2Y
CHEMBL596939,CCOC(=O)N1CCN(C(=O)[C@H](CCC(=O)O)NC(=O)c2cc(OCCCOC)cc(-c3ccccc3)n2)CC1,3.0,P2Y12,7.16,DECOY_P2Y
CHEMBL596733,C#CCCOC(=O)N1CCN(C(=O)[C@H](CCC(=O)O)NC(=O)c2cccc(-c3ccccc3)n2)CC1,3.0,P2Y12,7.10,DECOY_P2Y
CHEMBL597980,CCOC(=O)N1CCN(C(=O)[C@H](CCC(=O)O)NC(=O)c2cc(N(C)CCO)cc(-c3ccccc3)n2)CC1,3.0,P2Y12,7.06,DECOY_P2Y
CHEMBL591691,CCCCCCOC(=O)N1CCN(C(=O)[C@H](CCC(=O)O)NC(=O)c2cc(OCCCC)cc(-c3ccccc3)n2)CC1,3.0,P2Y12,7.05,DECOY_P2Y
CHEMBL598612,O=C(O)CC[C@H](NC(=O)c1cccc(-c2ccccc2)n1)C(=O)N1CCN(C(=O)OCC(F)(F)F)CC1,3.0,P2Y12,7.03,DECOY_P2Y
CHEMBL598177,CCOC(=O)N1CCN(C(=O)[C@H](CCC(=O)O)NC(=O)c2cc(OCC)cc(-c3ccccc3)n2)CC1,3.0,P2Y12,7.03,DECOY_P2Y
CHEMBL599422,CCOC(=O)N1CCN(C(=O)[C@H](CCC(=O)O)NC(=O)c2cc(N3CCCCC3)cc(-c3ccccc3)n2)CC1,3.0,P2Y12,6.95,DECOY_P2Y
CHEMBL606209,CCCOc1cc(C(=O)N[C@@H](CCC(=O)O)C(=O)N2CCN(C(=O)OCC)CC2)nc(-c2ccccc2)c1,3.0,P2Y12,6.92,DECOY_P2Y
CHEMBL597380,CCOC(=O)N1CCN(C(=O)[C@H](CCC(=O)O)NC(=O)c2cc(OCCCCO)cc(-c3ccccc3)n2)CC1,3.0,P2Y12,6.88,DECOY_P2Y
CHEMBL597563,O=C(O)CC[C@H](NC(=O)c1cccc(-c2ccccc2)n1)C(=O)N1CCN(C(=O)OCc2ccccc2)CC1,3.0,P2Y12,6.71,DECOY_P2Y
CHEMBL599605,CCOC(=O)N1CCN(C(=O)[C@H](CCC(=O)O)NC(=O)c2cccc(-c3ccccc3)n2)CC1,3.0,P2Y12,6.68,DECOY_P2Y
CHEMBL598816,CC(C)OC(=O)N1CCN(C(=O)[C@H](CCC(=O)O)NC(=O)c2cccc(-c3ccccc3)n2)CC1,3.0,P2Y12,6.55,DECOY_P2Y
CHEMBL598998,CCOC(=O)N1CCN(C(=O)[C@H](CCC(=O)O)NC(=O)c2cc(-c3ccccc3)nc(-c3ccccc3)n2)CC1,3.0,P2Y12,6.45,DECOY_P2Y
CHEMBL599606,CCOC(=O)N1CCN(C(=O)[C@H](CCC(=O)O)NC(=O)c2cc(-c3ccccc3)cc(-c3ccccc3)c2)CC1,3.0,P2Y12,6.43,DECOY_P2Y
CHEMBL599816,CCOC(=O)N1CCN(C(=O)[C@H](CCC(=O)O)NC(=O)c2cc(-c3ccccc3)nc(-c3ccccc3)c2)CC1,3.0,P2Y12,6.32,DECOY_P2Y
CHEMBL605968,COCCOC(=O)N1CCN(C(=O)[C@H](CCC(=O)O)NC(=O)c2cccc(-c3ccccc3)n2)CC1,3.0,P2Y12,6.31,DECOY_P2Y
CHEMBL605565,CCOC(=O)N1CCN(C(=O)CNC(=O)c2cc(-c3ccccc3)cc(-c3ccccc3)n2)CC1,3.0,P2Y12,6.13,DECOY_P2Y
CHEMBL591712,CCCCCOC(=O)N1CCN(C(=O)[C@H](CCC(=O)OC(C)(C)C)NC(=O)c2cc(NC(=O)NCC3CCNCC3)cc(-c3ccccc3)n2)CC1,3.0,P2Y12,8.85,DECOY_P2Y
CHEMBL578094,CCCCCOC(=O)N1CCN(C(=O)[C@H](CCC(=O)OC(C)(C)C)NC(=O)c2cc(NC(=O)OCCOC)cc(-c3ccccc3)n2)CC1,3.0,P2Y12,8.85,DECOY_P2Y
CHEMBL592410,CCCCCOC(=O)N1CCN(C(=O)[C@H](CCC(=O)OC(C)(C)C)NC(=O)c2cc(NC(=O)OCC3CCNCC3)cc(-c3ccccc3)n2)CC1,3.0,P2Y12,8.77,DECOY_P2Y
CHEMBL578507,CCCCCOC(=O)N1CCN(C(=O)[C@H](CCC(=O)OC(C)(C)C)NC(=O)c2cc(NC(=O)OCCCN)cc(-c3ccccc3)n2)CC1,3.0,P2Y12,8.72,DECOY_P2Y
CHEMBL577236,CCCCCOC(=O)N1CCN(C(=O)[C@H](CCC(=O)OC(C)(C)C)NC(=O)c2cc(NC(=O)N3CCN(C)CC3)cc(-c3ccccc3)n2)CC1,3.0,P2Y12,8.64,DECOY_P2Y
CHEMBL578080,CCCCCOC(=O)N1CCN(C(=O)[C@H](CCC(=O)OC(C)(C)C)NC(=O)c2cc(NC(=O)NC(C)C)cc(-c3ccccc3)n2)CC1,3.0,P2Y12,8.57,DECOY_P2Y
CHEMBL577854,CCCCCOC(=O)N1CCN(C(=O)[C@H](CCC(=O)OC(C)(C)C)NC(=O)c2cc(NC(=O)N3CCOCC3)cc(-c3ccccc3)n2)CC1,3.0,P2Y12,8.52,DECOY_P2Y
CHEMBL579289,CCCCCOC(=O)N1CCN(C(=O)[C@H](CCC(=O)O)NC(=O)c2cc(NC(=O)N3CCN(C)CC3)cc(-c3ccccc3)n2)CC1,3.0,P2Y12,8.49,DECOY_P2Y
CHEMBL578482,CCCCCOC(=O)N1CCN(C(=O)[C@H](CCC(=O)OC(C)(C)C)NC(=O)c2cc(NC(=O)CN(C)C)cc(-c3ccccc3)n2)CC1,3.0,P2Y12,8.39,DECOY_P2Y
CHEMBL592166,CCCCCOC(=O)N1CCN(C(=O)[C@H](CCC(=O)OC(C)(C)C)NC(=O)c2cc(NC(=O)NCC(=O)N(C)C)cc(-c3ccccc3)n2)CC1,3.0,P2Y12,8.33,DECOY_P2Y
CHEMBL592165,CCCCCOC(=O)N1CCN(C(=O)[C@H](CCC(=O)OC(C)(C)C)NC(=O)c2cc(NC(=O)CNC)cc(-c3ccccc3)n2)CC1,3.0,P2Y12,8.24,DECOY_P2Y
CHEMBL579094,CCCCCOC(=O)N1CCN(C(=O)[C@H](CCC(=O)OC(C)(C)C)NC(=O)c2cc(NC(=O)N3CCCCC3)cc(-c3ccccc3)n2)CC1,3.0,P2Y12,8.24,DECOY_P2Y
CHEMBL599634,CCCCCNC(=S)N1CCN(C(=O)[C@H](CCC(=O)OC(C)(C)C)NC(=O)c2cccc(-c3ccccc3)n2)CC1,3.0,P2Y12,8.22,DECOY_P2Y
CHEMBL577433,CCCCCOC(=O)N1CCN(C(=O)[C@H](CCC(=O)OC(C)(C)C)NC(=O)c2cc(NC(C)=O)cc(-c3ccccc3)n2)CC1,3.0,P2Y12,8.21,DECOY_P2Y
CHEMBL604497,CCCCNC(=S)N1CCN(C(=O)[C@H](CCC(=O)OC(C)(C)C)NC(=O)c2cccc(-c3ccccc3)n2)CC1,3.0,P2Y12,8.10,DECOY_P2Y
CHEMBL592164,CCCCCOC(=O)N1CCN(C(=O)[C@H](CCC(=O)OC(C)(C)C)NC(=O)c2cc(NC(=O)C3CCOCC3)cc(-c3ccccc3)n2)CC1,3.0,P2Y12,8.07,DECOY_P2Y
CHEMBL599843,CCNC(=S)N1CCN(C(=O)[C@H](CCC(=O)OC(C)(C)C)NC(=O)c2cccc(-c3ccccc3)n2)CC1,3.0,P2Y12,8.05,DECOY_P2Y
CHEMBL577653,CCCCCOC(=O)N1CCN(C(=O)[C@H](CCC(=O)OC(C)(C)C)NC(=O)c2cc(NC(=O)C(F)(F)F)cc(-c3ccccc3)n2)CC1,3.0,P2Y12,8.04,DECOY_P2Y
CHEMBL592407,CCCCCOC(=O)N1CCN(C(=O)[C@H](CCC(=O)OC(C)(C)C)NC(=O)c2cc(NC(=O)N3CCC(OC)CC3)cc(-c3ccccc3)n2)CC1,3.0,P2Y12,8.04,DECOY_P2Y
CHEMBL592409,CCCCCOC(=O)N1CCN(C(=O)[C@H](CCC(=O)OC(C)(C)C)NC(=O)c2cc(NC(=O)OCC)cc(-c3ccccc3)n2)CC1,3.0,P2Y12,7.96,DECOY_P2Y
CHEMBL591874,CCCCCOC(=O)N1CCN(C(=O)[C@H](CCC(=O)OC(C)(C)C)NC(=O)c2cc(NC(=O)COC)cc(-c3ccccc3)n2)CC1,3.0,P2Y12,7.60,DECOY_P2Y
CHEMBL596769,CCCNC(=S)N1CCN(C(=O)[C@H](CCC(=O)OC(C)(C)C)NC(=O)c2cccc(-c3ccccc3)n2)CC1,3.0,P2Y12,7.38,DECOY_P2Y
CHEMBL592408,CCCCCOC(=O)N1CCN(C(=O)[C@H](CCC(=O)OC(C)(C)C)NC(=O)c2cc(NC(=O)N3CCC(COC)CC3)cc(-c3ccccc3)n2)CC1,3.0,P2Y12,7.37,DECOY_P2Y
CHEMBL591510,CCCCCCNC(=O)N1CCN(C(=O)[C@H](CCC(=O)OC(C)(C)C)NC(=O)c2cccc(-c3ccccc3)n2)CC1,3.0,P2Y12,7.27,DECOY_P2Y
CHEMBL603333,CCCCCNC(=O)N1CCN(C(=O)[C@H](CCC(=O)OC(C)(C)C)NC(=O)c2cccc(-c3ccccc3)n2)CC1,3.0,P2Y12,7.26,DECOY_P2Y
CHEMBL598821,CCCNC(=O)N1CCN(C(=O)[C@H](CCC(=O)OC(C)(C)C)NC(=O)c2cccc(-c3ccccc3)n2)CC1,3.0,P2Y12,6.56,DECOY_P2Y
CHEMBL605847,CCNC(=O)N1CCN(C(=O)[C@H](CCC(=O)OC(C)(C)C)NC(=O)c2cccc(-c3ccccc3)n2)CC1,3.0,P2Y12,6.54,DECOY_P2Y
CHEMBL599020,CCCCNC(=O)N1CCN(C(=O)[C@H](CCC(=O)OC(C)(C)C)NC(=O)c2cccc(-c3ccccc3)n2)CC1,3.0,P2Y12,6.21,DECOY_P2Y
CHEMBL591212,CC(C)(C)OC(=O)CC[C@H](NC(=O)c1cccc(-c2ccccc2)n1)C(=O)N1CCN(S(=O)(=O)c2ccccc2)CC1,3.0,P2Y12,6.08,DECOY_P2Y
CHEMBL591536,CC(C)(C)OC(=O)CC[C@H](NC(=O)c1cccc(-c2ccccc2)n1)C(=O)N1CCN(C(=O)Nc2ccccc2)CC1,3.0,P2Y12,6.08,DECOY_P2Y
CHEMBL1097279,CSCCNc1nc(SCCC(F)(F)F)nc2c1ncn2[C@@H]1O[C@H](COP(=O)([O-])OP(=O)([O-])C(Cl)(Cl)P(=O)([O-])[O-])[C@@H](O)[C@H]1O.[Na+].[Na+].[Na+].[Na+],3.0,P2Y12,9.15,DECOY_P2Y
CHEMBL1782534,CCOC(=O)c1cc(C#N)c(N2CCN(C(=O)Nc3ccccc3)CC2)nc1C(F)(F)F,3.0,P2Y12,6.50,DECOY_P2Y
CHEMBL1782535,CCOC(=O)c1cnc(N2CCN(C(=O)Nc3ccccc3)CC2)c(C#N)c1,3.0,P2Y12,6.04,DECOY_P2Y
CHEMBL1782536,CCOC(=O)c1cnc(N2CCN(C(=O)Nc3ccccc3)CC2)c(Cl)c1,3.0,P2Y12,6.06,DECOY_P2Y
CHEMBL1784189,CCOC(=O)c1cc(C#N)c(N2CCN(C(=O)Nc3cccc(Cl)c3)CC2)nc1C(F)(F)F,3.0,P2Y12,6.31,DECOY_P2Y
CHEMBL1784190,CCOC(=O)c1cc(C#N)c(N2CCN(C(=O)Nc3cccc(C)c3)CC2)nc1C(F)(F)F,3.0,P2Y12,6.68,DECOY_P2Y
CHEMBL1784192,CCOC(=O)c1cc(C#N)c(N2CCN(C(=O)Nc3cccc(OC)c3)CC2)nc1C(F)(F)F,3.0,P2Y12,6.11,DECOY_P2Y
CHEMBL1784193,CCOC(=O)c1cc(C#N)c(N2CCN(C(=O)Nc3ccc(Cl)cc3)CC2)nc1C(F)(F)F,3.0,P2Y12,6.51,DECOY_P2Y
CHEMBL1784197,CCOC(=O)c1cc(C#N)c(N2CCN(C(=O)Nc3ccc(Cl)c(Cl)c3)CC2)nc1C(F)(F)F,3.0,P2Y12,6.72,DECOY_P2Y
CHEMBL1784198,CCOC(=O)c1cc(C#N)c(N2CCN(C(=O)Nc3ccc4ccccc4c3)CC2)nc1C(F)(F)F,3.0,P2Y12,6.72,DECOY_P2Y
CHEMBL1784204,CCOC(=O)c1cnc(N2CCN(C(=O)Nc3cccc(Cl)c3)CC2)c(Cl)c1,3.0,P2Y12,6.77,DECOY_P2Y
CHEMBL1784205,CCOC(=O)c1cnc(N2CCN(C(=O)Nc3cccc(C)c3)CC2)c(Cl)c1,3.0,P2Y12,6.62,DECOY_P2Y
CHEMBL1784207,CCOC(=O)c1cnc(N2CCN(C(=O)Nc3ccc(Cl)cc3)CC2)c(Cl)c1,3.0,P2Y12,6.22,DECOY_P2Y
CHEMBL1784208,CCOC(=O)c1cnc(N2CCN(C(=O)Nc3ccc(C)cc3)CC2)c(Cl)c1,3.0,P2Y12,6.22,DECOY_P2Y
CHEMBL1784212,CCOC(=O)c1cnc(N2CCN(C(=O)Nc3cccc4ccccc34)CC2)c(Cl)c1,3.0,P2Y12,6.96,DECOY_P2Y
CHEMBL1784213,CCOC(=O)c1cnc(N2CCN(C(=O)Nc3ccc4ccccc4c3)CC2)c(Cl)c1,3.0,P2Y12,6.42,DECOY_P2Y
CHEMBL1784215,CCOC(=O)c1cc(C#N)c(N2CCN(C(=O)NCc3ccccc3)CC2)nc1C(F)(F)F,3.0,P2Y12,6.24,DECOY_P2Y
CHEMBL1784216,CCOC(=O)c1cc(C#N)c(N2CCN(C(=O)NCc3ccccc3Cl)CC2)nc1C(F)(F)F,3.0,P2Y12,6.30,DECOY_P2Y
CHEMBL1784217,CCOC(=O)c1cc(C#N)c(N2CCN(C(=O)NCc3ccccc3C)CC2)nc1C(F)(F)F,3.0,P2Y12,6.29,DECOY_P2Y
CHEMBL1784218,CCOC(=O)c1cc(C#N)c(N2CCN(C(=O)NCc3cccc(F)c3)CC2)nc1C(F)(F)F,3.0,P2Y12,6.09,DECOY_P2Y
CHEMBL1784219,CCOC(=O)c1cc(C#N)c(N2CCN(C(=O)NCc3cccc(C)c3)CC2)nc1C(F)(F)F,3.0,P2Y12,6.12,DECOY_P2Y
CHEMBL1784220,CCOC(=O)c1cc(C#N)c(N2CCN(C(=O)NCc3ccc(F)cc3)CC2)nc1C(F)(F)F,3.0,P2Y12,6.33,DECOY_P2Y
CHEMBL1784221,CCOC(=O)c1cc(C#N)c(N2CCN(C(=O)NCc3ccc(C)cc3)CC2)nc1C(F)(F)F,3.0,P2Y12,6.50,DECOY_P2Y
CHEMBL1784222,CCOC(=O)c1cc(C#N)c(N2CCN(C(=O)NCc3ccc(OC)cc3)CC2)nc1C(F)(F)F,3.0,P2Y12,6.37,DECOY_P2Y
CHEMBL1784223,CCOC(=O)c1cc(C#N)c(N2CCN(C(=O)NCc3ccc(Cl)c(Cl)c3)CC2)nc1C(F)(F)F,3.0,P2Y12,6.32,DECOY_P2Y
CHEMBL1784224,CCOC(=O)c1cc(C#N)c(N2CCN(C(=O)N[C@@H](C)c3ccccc3)CC2)nc1C(F)(F)F,3.0,P2Y12,6.48,DECOY_P2Y
CHEMBL1784225,C=C(C)c1cccc(C(C)(C)NC(=O)N2CCN(c3nc(C(F)(F)F)c(C(=O)OCC)cc3C#N)CC2)c1,3.0,P2Y12,6.23,DECOY_P2Y
CHEMBL1784230,CCOC(=O)c1cnc(N2CCN(C(=O)NCc3ccc(C)cc3)CC2)c(Cl)c1,3.0,P2Y12,6.01,DECOY_P2Y
CHEMBL1784232,CCOC(=O)c1cnc(N2CCN(C(=O)NCc3ccc(Cl)c(Cl)c3)CC2)c(Cl)c1,3.0,P2Y12,6.11,DECOY_P2Y
CHEMBL1784233,CCOC(=O)c1cnc(N2CCN(C(=O)N[C@@H](C)c3ccccc3)CC2)c(Cl)c1,3.0,P2Y12,6.02,DECOY_P2Y
CHEMBL1784234,C=C(C)c1cccc(C(C)(C)NC(=O)N2CCN(c3ncc(C(=O)OCC)cc3Cl)CC2)c1,3.0,P2Y12,6.21,DECOY_P2Y
CHEMBL1784235,CCOC(=O)c1cc(C#N)c(N2CCN(C(=O)N[C@@H]3C[C@H]3c3ccccc3)CC2)nc1C(F)(F)F,3.0,P2Y12,6.00,DECOY_P2Y
CHEMBL1784187,CCOC(=O)c1cc(C#N)c(N2CCN(C(=O)Nc3ccccc3C(C)C)CC2)nc1C(F)(F)F,3.0,P2Y12,6.00,DECOY_P2Y
CHEMBL1784191,CCOC(=O)c1cc(C#N)c(N2CCN(C(=O)Nc3cccc(C#N)c3)CC2)nc1C(F)(F)F,3.0,P2Y12,6.02,DECOY_P2Y
CHEMBL1784199,CCOC(=O)c1cc(C#N)c(N2CCN(C(=O)NCCc3ccccc3)CC2)nc1C(F)(F)F,3.0,P2Y12,6.02,DECOY_P2Y
CHEMBL1784206,CCOC(=O)c1cnc(N2CCN(C(=O)Nc3cccc(OC)c3)CC2)c(Cl)c1,3.0,P2Y12,6.02,DECOY_P2Y
CHEMBL1784226,CCOC(=O)c1cnc(N2CCN(C(=O)NCc3ccccc3C)CC2)c(Cl)c1,3.0,P2Y12,6.16,DECOY_P2Y
CHEMBL2172140,CCCCOC(=O)N1CCN(C(=O)CNC(=O)c2cc(OCC(=O)N3CCC[C@H]3C(=O)NC3CCC3)n(-c3ccccc3)n2)CC1,3.0,P2Y12,8.11,DECOY_P2Y
CHEMBL2172139,CCOC(=O)N1CCN(C(=O)CNC(=O)c2cc(OCC(=O)N3CCC[C@H]3C(=O)NC3CCC3)n(-c3ccccc3)n2)CC1,3.0,P2Y12,6.97,DECOY_P2Y
CHEMBL2172138,CCOC(=O)N1CCN(C(=O)[C@H](C)NC(=O)c2cc(OCC(=O)N3CCC[C@H]3C(=O)NC3CCC3)n(-c3ccccc3)n2)CC1,3.0,P2Y12,6.96,DECOY_P2Y
CHEMBL2172137,CCOC(=O)N1CCN(C(=O)[C@@H](NC(=O)c2cc(OCC(=O)N3CCC[C@H]3C(=O)NC3CCC3)n(-c3ccccc3)n2)C(C)C)CC1,3.0,P2Y12,6.74,DECOY_P2Y
CHEMBL2172136,CCOC(=O)N1CCN(C(=O)[C@H](CC(C)C)NC(=O)c2cc(OCC(=O)N3CCC[C@H]3C(=O)NC3CCC3)n(-c3ccccc3)n2)CC1,3.0,P2Y12,6.68,DECOY_P2Y
CHEMBL2172135,CCC[C@H](NC(=O)c1cc(OCC(=O)N2CCC[C@H]2C(=O)NC2CCC2)n(-c2ccccc2)n1)C(=O)N1CCN(C(=O)OCC)CC1,3.0,P2Y12,6.76,DECOY_P2Y
CHEMBL2172134,CCOC(=O)N1CCN(C(=O)[C@H](CCCCO)NC(=O)c2cc(OCC(=O)N3CCC[C@H]3C(=O)NC3CCC3)n(-c3ccccc3)n2)CC1,3.0,P2Y12,6.70,DECOY_P2Y
CHEMBL2172133,CCCCOC(=O)N1CCN(C(=O)[C@H](CCCO)NC(=O)c2cc(OCC(=O)N3CCC[C@H]3C(=O)NC3CCC3)n(-c3ccccc3)n2)CC1,3.0,P2Y12,8.19,DECOY_P2Y
CHEMBL2172132,CCOC(=O)N1CCN(C(=O)[C@H](CCO)NC(=O)c2cc(OCC(=O)N3CCC[C@H]3C(=O)NC3CCC3)n(-c3ccccc3)n2)CC1,3.0,P2Y12,7.64,DECOY_P2Y
CHEMBL2172131,CCOC(=O)N1CCN(C(=O)[C@H](CCNC(C)=O)NC(=O)c2cc(OCC(=O)N3CCC[C@H]3C(=O)NC3CCC3)n(-c3ccccc3)n2)CC1,3.0,P2Y12,7.38,DECOY_P2Y
CHEMBL2172130,CCOC(=O)N1CCN(C(=O)[C@H](CCN)NC(=O)c2cc(OCC(=O)N3CCC[C@H]3C(=O)NC3CCC3)n(-c3ccccc3)n2)CC1,3.0,P2Y12,6.75,DECOY_P2Y
CHEMBL2172129,CCCCOC(=O)N1CCN(C(=O)[C@H](CCc2nnn[nH]2)NC(=O)c2cc(OCC(=O)N3CCC[C@H]3C(=O)NC3CCC3)n(-c3ccccc3)n2)CC1,3.0,P2Y12,8.82,DECOY_P2Y
CHEMBL2172128,CCOC(=O)N1CCN(C(=O)[C@H](CCc2nnn[nH]2)NC(=O)c2cc(OCC(=O)N3CCC[C@H]3C(=O)NC3CCC3)n(-c3ccccc3)n2)CC1,3.0,P2Y12,8.30,DECOY_P2Y
CHEMBL2172127,CCOC(=O)N1CCN(C(=O)[C@H](CCNS(C)(=O)=O)NC(=O)c2cc(OCC(=O)N3CCC[C@H]3C(=O)NC3CCC3)n(-c3ccccc3)n2)CC1,3.0,P2Y12,7.64,DECOY_P2Y
CHEMBL2172155,CCOC(=O)N1CCN(C(=O)[C@H](CNS(C)(=O)=O)NC(=O)c2cc(OCC(=O)N3CCC[C@H]3C(=O)NC3CCC3)n(-c3ccccc3)n2)CC1,3.0,P2Y12,7.32,DECOY_P2Y
CHEMBL2172154,CCOC(=O)N1CCN(C(=O)[C@H](CCC(=O)O)NC(=O)c2cc(OCC(=O)N3CCC[C@H]3C(=O)NC3CCC3)n(-c3ccccc3)n2)C[C@H]1C,3.0,P2Y12,7.29,DECOY_P2Y
CHEMBL2172153,CCOC(=O)N1CCN(C(=O)[C@H](CCC(=O)O)NC(=O)c2cc(OCC(=O)N3CCC[C@H]3C(=O)NC3CCC3)n(-c3ccccc3)n2)C[C@@H]1C,3.0,P2Y12,7.10,DECOY_P2Y
CHEMBL2172152,CCOC(=O)N1CCN(C(=O)[C@H](CCC(=O)O)NC(=O)c2cc(OCC(=O)N3CCC[C@H]3C(=O)NC3CCC3)n(-c3ccccc3)n2)[C@@H](C)C1,3.0,P2Y12,7.27,DECOY_P2Y
CHEMBL2172151,CCOC(=O)N1CCN(C(=O)[C@H](CCC(=O)O)NC(=O)c2cc(OCC(=O)N3CCC[C@H]3C(=O)NC3CCC3)n(-c3ccccc3)n2)[C@H](C)C1,3.0,P2Y12,8.11,DECOY_P2Y
CHEMBL2172150,O=C(O)CC[C@H](NC(=O)c1cc(OCC(=O)N2CCC[C@H]2C(=O)NC2CCC2)n(-c2ccccc2)n1)C(=O)N1CCN(C(=O)OC2CCC2)CC1,3.0,P2Y12,8.30,DECOY_P2Y
CHEMBL2172149,CCCCOC(=O)N1CCN(C(=O)[C@H](CCC(=O)O)NC(=O)c2cc(OCC(=O)N3CCC[C@H]3C(=O)NC3CCC3)n(-c3ccccc3)n2)CC1,3.0,P2Y12,9.10,DECOY_P2Y
CHEMBL2172148,CCCOC(=O)N1CCN(C(=O)[C@H](CCC(=O)O)NC(=O)c2cc(OCC(=O)N3CCC[C@H]3C(=O)NC3CCC3)n(-c3ccccc3)n2)CC1,3.0,P2Y12,8.51,DECOY_P2Y
CHEMBL2172147,O=C(O)CC[C@H](NC(=O)c1cc(OCC(=O)N2CCC[C@H]2C(=O)NC2CCC2)n(-c2ccccc2)n1)C(=O)N1CCN(C(=O)Oc2ccccc2)CC1,3.0,P2Y12,7.15,DECOY_P2Y
CHEMBL2172146,O=C(O)CC[C@H](NC(=O)c1cc(OCC(=O)N2CCC[C@H]2C(=O)NC2CCC2)n(-c2ccccc2)n1)C(=O)N1CCN(C(=O)OCc2ccccc2)CC1,3.0,P2Y12,8.24,DECOY_P2Y
CHEMBL2172145,O=C(O)CC[C@H](NC(=O)c1cc(OCC(=O)N2CCC[C@H]2C(=O)NC2CCC2)n(-c2ccccc2)n1)C(=O)N1CCN(C(=O)c2ccccc2)CC1,3.0,P2Y12,6.89,DECOY_P2Y
CHEMBL2172144,O=C(O)CC[C@H](NC(=O)c1cc(OCC(=O)N2CCC[C@H]2C(=O)NC2CCC2)n(-c2ccccc2)n1)C(=O)N1CCC(C(=O)c2ccccc2)CC1,3.0,P2Y12,7.40,DECOY_P2Y
CHEMBL2172143,COc1cccc(N2CCN(C(=O)[C@H](CCC(=O)O)NC(=O)c3cc(OCC(=O)N4CCC[C@H]4C(=O)NC4CCC4)n(-c4ccccc4)n3)CC2)c1,3.0,P2Y12,7.52,DECOY_P2Y
CHEMBL2172142,CCCCOC(=O)N1CCC(NC(=O)[C@H](CCC(=O)O)NC(=O)c2cc(OCC(=O)N3CCC[C@H]3C(=O)NC3CCC3)n(-c3ccccc3)n2)C1,3.0,P2Y12,6.71,DECOY_P2Y
CHEMBL2172141,CCCCOC(=O)NC1CCN(C(=O)[C@H](CCC(=O)O)NC(=O)c2cc(OCC(=O)N3CCC[C@H]3C(=O)NC3CCC3)n(-c3ccccc3)n2)C1,3.0,P2Y12,7.09,DECOY_P2Y
CHEMBL2172165,CCCCOC(=O)NC1CCN(C(=O)[C@H](CCC(=O)O)NC(=O)c2cc(OCC(=O)N3CCC[C@H]3C(=O)NC3CCC3)n(-c3ccccc3)n2)CC1,3.0,P2Y12,7.66,DECOY_P2Y
CHEMBL2172163,CCOC(=O)N1CCN(C(=O)[C@H](CCC(=O)O)NC(=O)c2cc(OCC(=O)N3CCC[C@H]3c3ccccc3)n(-c3ccccc3)n2)CC1,3.0,P2Y12,7.48,DECOY_P2Y
CHEMBL2172162,CCOC(=O)N1CCN(C(=O)[C@H](CCC(=O)O)NC(=O)c2cc(OCC(=O)N3CCC[C@H]3c3nc(C)c[nH]3)n(-c3ccccc3)n2)CC1,3.0,P2Y12,7.25,DECOY_P2Y
CHEMBL2172161,CCOC(=O)N1CCN(C(=O)[C@H](CCC(=O)O)NC(=O)c2cc(OCC(=O)N3CCC[C@H]3C(=O)N3CCCCC3)n(-c3ccccc3)n2)CC1,3.0,P2Y12,7.25,DECOY_P2Y
CHEMBL2172160,CCOC(=O)N1CCN(C(=O)[C@H](CCC(=O)O)NC(=O)c2cc(OCC(=O)N3CCC[C@H]3C(=O)N3CCCC3)n(-c3ccccc3)n2)CC1,3.0,P2Y12,6.66,DECOY_P2Y
CHEMBL2172159,CCOC(=O)N1CCN(C(=O)[C@H](CCC(=O)O)NC(=O)c2cc(OCC(=O)N3CC(C(=O)NC4CCC4)C3)n(-c3ccccc3)n2)CC1,3.0,P2Y12,6.21,DECOY_P2Y
CHEMBL2172158,CCOC(=O)N1CCN(C(=O)[C@H](CCC(=O)O)NC(=O)c2cc(OCC(=O)N3CCC(C(=O)NC4CCC4)C3)n(-c3ccccc3)n2)CC1,3.0,P2Y12,6.62,DECOY_P2Y
CHEMBL2172157,CCOC(=O)N1CCN(C(=O)[C@H](CCC(=O)O)NC(=O)c2cc(OCC(=O)N3CC[C@H]3C(=O)NC3CCC3)n(-c3ccccc3)n2)CC1,3.0,P2Y12,7.38,DECOY_P2Y
CHEMBL2172156,CCOC(=O)N1CCN(C(=O)[C@H](CCC(=O)O)NC(=O)c2cc(OCC(=O)N3CCC[C@H]3C(=O)NCC3CCC3)n(-c3ccccc3)n2)CC1,3.0,P2Y12,7.72,DECOY_P2Y
CHEMBL2172274,CCOC(=O)N1CCN(C(=O)[C@H](CCC(=O)O)NC(=O)c2cc(OCC(=O)N3CCC[C@H]3C(=O)N(C)C3CCC3)n(-c3ccccc3)n2)CC1,3.0,P2Y12,7.57,DECOY_P2Y
CHEMBL2172273,CCOC(=O)N1CCN(C(=O)[C@H](CCC(=O)O)NC(=O)c2cc(OCC(=O)N3CCC[C@H]3C(=O)NC3CCCC3)n(-c3ccccc3)n2)CC1,3.0,P2Y12,7.70,DECOY_P2Y
CHEMBL2172272,CCOC(=O)N1CCN(C(=O)[C@H](CCC(=O)O)NC(=O)c2cc(OCC(=O)N3CCC[C@H]3C(=O)NC3CCC3)n(-c3ccccc3)n2)CC1,3.0,P2Y12,8.14,DECOY_P2Y
CHEMBL2172271,CCOC(=O)N1CCN(C(=O)[C@H](CCC(=O)O)NC(=O)c2cc(OCC(=O)N3CCC[C@@H]3C(=O)NC3CC3)n(-c3ccccc3)n2)CC1,3.0,P2Y12,6.02,DECOY_P2Y
CHEMBL2172270,CCOC(=O)N1CCN(C(=O)[C@H](CCC(=O)O)NC(=O)c2cc(OCC(=O)N3CCC[C@H]3C(=O)NC3CC3)n(-c3ccccc3)n2)CC1,3.0,P2Y12,6.98,DECOY_P2Y
CHEMBL2172269,CCOC(=O)N1CCN(C(=O)[C@H](CCC(=O)O)NC(=O)c2cc(OCC(=O)N3CCC[C@H]3C(=O)NC(C)(C)C)n(-c3ccccc3)n2)CC1,3.0,P2Y12,7.39,DECOY_P2Y
CHEMBL2172268,CCOC(=O)N1CCN(C(=O)[C@H](CCC(=O)O)NC(=O)c2cc(OCC(=O)N3CCC[C@H]3C(=O)NC(C)C)n(-c3ccccc3)n2)CC1,3.0,P2Y12,7.25,DECOY_P2Y
CHEMBL2172267,CCCNC(=O)[C@@H]1CCCN1C(=O)COc1cc(C(=O)N[C@@H](CCC(=O)O)C(=O)N2CCN(C(=O)OCC)CC2)nn1-c1ccccc1,3.0,P2Y12,7.18,DECOY_P2Y
CHEMBL2172266,CCNC(=O)[C@@H]1CCCN1C(=O)COc1cc(C(=O)N[C@@H](CCC(=O)O)C(=O)N2CCN(C(=O)OCC)CC2)nn1-c1ccccc1,3.0,P2Y12,6.52,DECOY_P2Y
CHEMBL2172265,CCOC(=O)N1CCN(C(=O)[C@H](CCC(=O)O)NC(=O)c2cc(OCC(=O)N3CCC[C@H]3C(=O)NC)n(-c3ccccc3)n2)CC1,3.0,P2Y12,6.27,DECOY_P2Y
CHEMBL2172264,CCOC(=O)N1CCN(C(=O)[C@H](CCC(=O)O)NC(=O)c2cc(OCC(=O)N3CCC[C@H]3C(N)=O)n(-c3ccccc3)n2)CC1,3.0,P2Y12,6.55,DECOY_P2Y
CHEMBL2172166,CCOC(=O)N1CCN(C(=O)[C@H](CCC(=O)O)NC(=O)c2cc(OCC(=O)N3CCCC3=O)n(-c3ccccc3)n2)CC1,3.0,P2Y12,6.76,DECOY_P2Y
CHEMBL2172284,CCOC(=O)N1CCN(C(=O)[C@H](CCC(=O)O)NC(=O)c2cc(OCC(=O)N3CC[C@@H](O)C3)n(-c3ccccc3)n2)CC1,3.0,P2Y12,6.34,DECOY_P2Y
CHEMBL2172281,CCOC(=O)N1CCN(C(=O)[C@H](CCC(=O)O)NC(=O)c2cc(OCC(=O)C3CCC3)n(-c3ccccc3)n2)CC1,3.0,P2Y12,6.24,DECOY_P2Y
CHEMBL2172280,CCOC(=O)N1CCN(C(=O)[C@H](CCC(=O)O)NC(=O)c2cc(OCC(=O)C3CC3)n(-c3ccccc3)n2)CC1,3.0,P2Y12,6.60,DECOY_P2Y
CHEMBL2172279,CCOC(=O)N1CCN(C(=O)[C@H](CCC(=O)O)NC(=O)c2cc(OCC(=O)C(C)(C)C)n(-c3ccccc3)n2)CC1,3.0,P2Y12,6.62,DECOY_P2Y
CHEMBL2172278,CCOC(=O)COc1cc(C(=O)N[C@@H](CCC(=O)O)C(=O)N2CCN(C(=O)OCC)CC2)nn1-c1ccccc1,3.0,P2Y12,6.43,DECOY_P2Y
CHEMBL2172277,CCOC(=O)N1CCN(C(=O)[C@H](CCC(=O)O)NC(=O)c2cc(OC3(C(=O)OCC)CCC3)n(-c3ccccc3)n2)CC1,3.0,P2Y12,6.86,DECOY_P2Y
CHEMBL2172275,CCOC(=O)N1CCN(C(=O)[C@H](CCC(=O)O)NC(=O)c2cc(OC(C)(C)C(=O)OCC)c3ccc(C)cc3n2)CC1,3.0,P2Y12,7.07,DECOY_P2Y
CHEMBL2103828,CNc1cc2[nH]c(=O)n(-c3ccc(NC(=O)NS(=O)(=O)c4ccc(Cl)s4)cc3)c(=O)c2cc1F,3.0,P2Y12,7.64,DECOY_P2Y
CHEMBL2402252,CCOC(=O)c1cnc(N2CCN(C(=O)NS(=O)(=O)c3ccccc3Cl)CC2)c(Cl)c1,3.0,P2Y12,6.00,DECOY_P2Y
CHEMBL2402271,CCOC(=O)c1cnc(N2CCN(C(=S)NC(=O)c3ccccc3)CC2)c(Cl)c1,3.0,P2Y12,6.00,DECOY_P2Y
CHEMBL2402152,CCCC(=O)c1cnc(N2CCN(C(=O)NS(=O)(=O)c3ccc(Cl)s3)CC2)c(Cl)c1,3.0,P2Y12,6.05,DECOY_P2Y
CHEMBL2402249,CCOC(=O)c1cc(C#N)c(N2CCN(C(=O)NS(=O)(=O)c3ccc(Cl)cc3)CC2)nc1C(F)(F)F,3.0,P2Y12,6.10,DECOY_P2Y
CHEMBL2402145,CCOC(=O)c1cc(C#N)c(N2C[C@@H]3C[C@H]2CN3C(=O)NS(=O)(=O)c2ccc(Cl)s2)nc1C,3.0,P2Y12,6.16,DECOY_P2Y
CHEMBL2402247,CCOC(=O)c1cc(C#N)c(N2CCN(C(=O)NS(=O)(=O)c3ccccc3Cl)CC2)nc1C(F)(F)F,3.0,P2Y12,6.16,DECOY_P2Y
CHEMBL2402268,CCOC(=O)c1cnc(N2CCN(C(=O)Nc3ccccc3)CC2CCC(=O)O)c(Cl)c1,3.0,P2Y12,6.17,DECOY_P2Y
CHEMBL2402155,CCOC(=O)c1ccc(N2CCN(C(=O)NS(=O)(=O)c3ccc(Cl)s3)CC2)c(Cl)c1,3.0,P2Y12,6.18,DECOY_P2Y
CHEMBL2402147,COC(=O)c1cnc(N2CCN(C(=O)NS(=O)(=O)c3ccc(Cl)s3)CC2)c(Cl)c1,3.0,P2Y12,6.19,DECOY_P2Y
CHEMBL2402143,CCOC(=O)c1cc(C#N)c(N2CCCN(C(=O)NS(=O)(=O)c3ccc(Cl)s3)CC2)nc1C,3.0,P2Y12,6.20,DECOY_P2Y
CHEMBL2402146,CCOC(=O)c1cc(C#N)c(N2CC3CN(C(=O)NS(=O)(=O)c4ccccc4)CC3C2)nc1C,3.0,P2Y12,6.24,DECOY_P2Y
CHEMBL2402150,CC(C)OC(=O)c1cnc(N2CCN(C(=O)NS(=O)(=O)c3ccc(Cl)s3)CC2)c(Cl)c1,3.0,P2Y12,6.28,DECOY_P2Y
CHEMBL2402253,CCOC(=O)c1cnc(N2CCN(C(=O)NS(=O)(=O)c3ccc(Cl)cc3)CC2)c(Cl)c1,3.0,P2Y12,6.28,DECOY_P2Y
CHEMBL2402156,CCOC(=O)c1cc(C#N)c(N2CCN(C(=O)NCCc3cccs3)CC2)nc1C(F)(F)F,3.0,P2Y12,6.29,DECOY_P2Y
CHEMBL2402254,CCOC(=O)c1cnc(N2CCN(C(=O)NS(=O)(=O)c3ccc(F)cc3)CC2)c(Cl)c1,3.0,P2Y12,6.33,DECOY_P2Y
CHEMBL2402259,CCOC(=O)c1cc(C#N)c(N2CC(NC(=O)NS(=O)(=O)Cc3ccccc3)C2)nc1C,3.0,P2Y12,6.36,DECOY_P2Y
CHEMBL2402256,CCOC(=O)c1cnc(N2CC(NC(=O)NS(=O)(=O)c3ccccc3)C2)c(Cl)c1,3.0,P2Y12,6.37,DECOY_P2Y
CHEMBL2402246,CCOC(=O)c1cc(C#N)c(N2CCN(C(=O)NS(=O)(=O)c3ccccc3C)CC2)nc1C(F)(F)F,3.0,P2Y12,6.37,DECOY_P2Y
CHEMBL2402153,O=C(c1cnc(N2CCN(C(=O)NS(=O)(=O)c3ccc(Cl)s3)CC2)c(Cl)c1)C1CC1,3.0,P2Y12,6.38,DECOY_P2Y
CHEMBL2402273,CCOC(=O)c1cnc(N2CCN(C(=O)NS(=O)(=O)c3ccc(C)cc3)CC2)c(Cl)c1,3.0,P2Y12,6.52,DECOY_P2Y
CHEMBL2402251,CCOC(=O)c1cnc(N2CCN(C(=O)NS(=O)(=O)c3ccc(Cl)s3)CC2)c(Cl)c1,3.0,P2Y12,6.58,DECOY_P2Y
CHEMBL2402262,CCOC(=O)c1cc(C#N)c(N2CCC(NC(=O)NS(=O)(=O)c3ccc(Cl)cc3)CC2)nc1C,3.0,P2Y12,6.58,DECOY_P2Y
CHEMBL2402272,CCOC(=O)c1cnc(N2CCN(C(=O)NS(=O)(=O)c3ccccc3C)CC2)c(Cl)c1,3.0,P2Y12,6.58,DECOY_P2Y
CHEMBL2402148,CCCOC(=O)c1cnc(N2CCN(C(=O)NS(=O)(=O)c3ccc(Cl)s3)CC2)c(Cl)c1,3.0,P2Y12,6.62,DECOY_P2Y
CHEMBL2402250,CCOC(=O)c1cc(C#N)c(N2CCN(C(=O)NS(=O)(=O)c3ccc(F)cc3)CC2)nc1C(F)(F)F,3.0,P2Y12,6.64,DECOY_P2Y
CHEMBL2402245,CCOC(=O)c1cc(C#N)c(N2CCN(C(=O)NS(=O)(=O)c3ccccc3)CC2)nc1C(F)(F)F,3.0,P2Y12,6.66,DECOY_P2Y
CHEMBL2402267,CCOC(=O)c1cnc(N2CCN(C(=O)NS(=O)(=O)c3ccccc3)CC2)c(Cl)c1,3.0,P2Y12,6.66,DECOY_P2Y
CHEMBL2402257,CCOC(=O)c1cc(C#N)c(N2CC(NC(=O)NS(=O)(=O)c3ccccc3)C2)nc1C,3.0,P2Y12,6.72,DECOY_P2Y
CHEMBL2402248,CCOC(=O)c1cc(C#N)c(N2CCN(C(=O)NS(=O)(=O)c3ccc(C)cc3)CC2)nc1C(F)(F)F,3.0,P2Y12,6.80,DECOY_P2Y
CHEMBL2402149,CCCCOC(=O)c1cnc(N2CCN(C(=O)NS(=O)(=O)c3ccc(Cl)s3)CC2)c(Cl)c1,3.0,P2Y12,6.82,DECOY_P2Y
CHEMBL2402263,CCOC(=O)c1cc(C#N)c(N2CCC(NC(=O)NS(=O)(=O)Cc3ccccc3)CC2)nc1C,3.0,P2Y12,6.82,DECOY_P2Y
CHEMBL2402151,CC(C)CCOC(=O)c1cnc(N2CCN(C(=O)NS(=O)(=O)c3ccc(Cl)s3)CC2)c(Cl)c1,3.0,P2Y12,6.85,DECOY_P2Y
CHEMBL2402265,CCOC(=O)c1cc(C#N)c(N2CCN(C(=O)NS(=O)(=O)c3ccccc3)CC2)nc1C,3.0,P2Y12,6.85,DECOY_P2Y
CHEMBL2402142,CCOC(=O)c1cc(C#N)c(N2CCN(C(=O)NS(=O)(=O)c3ccc(Cl)s3)C(CCC(=O)O)C2)nc1C(F)(F)F,3.0,P2Y12,6.96,DECOY_P2Y
CHEMBL2402258,CCOC(=O)c1cc(C#N)c(N2CC(NC(=O)NS(=O)(=O)c3ccc(Cl)cc3)C2)nc1C,3.0,P2Y12,7.03,DECOY_P2Y
CHEMBL2402244,CCOC(=O)c1cc(C#N)c(N2CCN(C(=O)NS(=O)(=O)c3ccc(Cl)s3)CC2)nc1C(F)(F)F,3.0,P2Y12,7.10,DECOY_P2Y
CHEMBL2402144,CCOC(=O)c1cc(C#N)c(N2CCN(C(=O)NS(=O)(=O)c3ccc(Cl)s3)CC2C)nc1C,3.0,P2Y12,7.19,DECOY_P2Y
CHEMBL2402260,CCOC(=O)c1cc(C#N)c(N2CCC(NC(=O)NS(=O)(=O)c3ccc(Cl)s3)CC2)nc1C,3.0,P2Y12,7.24,DECOY_P2Y
CHEMBL2402266,CCOC(=O)c1cc(C#N)c(N2CCN(C(=O)NS(=O)(=O)Cc3ccccc3)CC2)nc1C,3.0,P2Y12,7.27,DECOY_P2Y
CHEMBL2402264,CCOC(=O)c1cc(C#N)c(N2CCN(C(=O)NS(=O)(=O)c3ccc(Cl)s3)CC2)nc1C,3.0,P2Y12,7.38,DECOY_P2Y
CHEMBL2402255,CCOC(=O)c1cc(C#N)c(N2CC(NC(=O)NS(=O)(=O)c3ccc(Cl)s3)C2)nc1C,3.0,P2Y12,7.60,DECOY_P2Y
CHEMBL2419499,CCOC(=O)c1cc(C#N)c(N2CCC(C(=O)NS(=O)(=O)c3ccc(Cl)s3)CC2)nc1C,3.0,P2Y12,7.41,DECOY_P2Y
CHEMBL2419498,CCOC(=O)c1cnc(N2CCC(C(=O)NS(=O)(=O)c3ccc(Cl)s3)CC2)c(Cl)c1,3.0,P2Y12,6.13,DECOY_P2Y
CHEMBL2419497,CCOC(=O)c1cc(C#N)c(N2CC(C(=O)NS(=O)(=O)c3ccc(Cl)s3)C2)nc1C,3.0,P2Y12,7.17,DECOY_P2Y
CHEMBL2419496,CCOC(=O)c1cnc(N2CC(C(=O)NS(=O)(=O)c3ccc(Cl)s3)C2)c(Cl)c1,3.0,P2Y12,6.32,DECOY_P2Y
CHEMBL2419495,CCOC(=O)c1cc(C#N)c(N2CCC(C(=O)NS(=O)(=O)Cc3ccc(F)cc3F)CC2)nc1C,3.0,P2Y12,7.80,DECOY_P2Y
CHEMBL2419494,CCOC(=O)c1cc(C#N)c(N2CCC(C(=O)NS(=O)(=O)Cc3ccc(C(C)C)cc3)CC2)nc1C,3.0,P2Y12,6.60,DECOY_P2Y
CHEMBL2419493,CCOC(=O)c1cc(C#N)c(N2CCC(C(=O)NS(=O)(=O)Cc3ccc(C)cc3)CC2)nc1C,3.0,P2Y12,7.64,DECOY_P2Y
CHEMBL2419492,CCOC(=O)c1cc(C#N)c(N2CCC(C(=O)NS(=O)(=O)Cc3ccc(OC)cc3)CC2)nc1C,3.0,P2Y12,7.24,DECOY_P2Y
CHEMBL2419491,CCOC(=O)c1cc(C#N)c(N2CCC(C(=O)NS(=O)(=O)Cc3ccc(F)cc3)CC2)nc1C,3.0,P2Y12,7.42,DECOY_P2Y
CHEMBL2419490,CCOC(=O)c1cc(C#N)c(N2CCC(C(=O)NS(=O)(=O)Cc3ccccc3)CC2)nc1C,3.0,P2Y12,7.60,DECOY_P2Y
CHEMBL2419489,CCOC(=O)c1cc(C#N)c(N2CCC(C(=O)NS(=O)(=O)c3ccccc3)CC2)nc1C,3.0,P2Y12,6.15,DECOY_P2Y
CHEMBL2419488,CCOC(=O)c1cc(C#N)c(N2CC(C(=O)NS(=O)(=O)Cc3ccc(CO)cc3)C2)nc1C,3.0,P2Y12,6.14,DECOY_P2Y
CHEMBL2419487,CCOC(=O)c1cc(C#N)c(N2CC(C(=O)NS(=O)(=O)Cc3ccc(C)cc3)C2)nc1C,3.0,P2Y12,7.72,DECOY_P2Y
CHEMBL2419486,CCOC(=O)c1cc(C#N)c(N2CC(C(=O)NS(=O)(=O)Cc3ccc(F)cc3)C2)nc1C,3.0,P2Y12,7.70,DECOY_P2Y
CHEMBL2419485,CCOC(=O)c1cc(C#N)c(N2CC(C(=O)NS(=O)(=O)Cc3ccc(Cl)cc3)C2)nc1C,3.0,P2Y12,7.64,DECOY_P2Y
CHEMBL2419484,CCOC(=O)c1cc(C#N)c(N2CC(C(=O)NS(=O)(=O)Cc3cccc(C)c3)C2)nc1C,3.0,P2Y12,7.19,DECOY_P2Y
CHEMBL2419483,CCOC(=O)c1cc(C#N)c(N2CC(C(=O)NS(=O)(=O)Cc3cccc(C(F)(F)F)c3)C2)nc1C,3.0,P2Y12,6.54,DECOY_P2Y
CHEMBL2419482,CCOC(=O)c1cc(C#N)c(N2CC(C(=O)NS(=O)(=O)Cc3ccccc3C)C2)nc1C,3.0,P2Y12,6.75,DECOY_P2Y
CHEMBL2419481,CCOC(=O)c1cc(C#N)c(N2CC(C(=O)NS(=O)(=O)CC3CCCCC3)C2)nc1C,3.0,P2Y12,6.75,DECOY_P2Y
CHEMBL2419501,CCOC(=O)c1cc(C#N)c(N2CC(C(=O)NS(=O)(=O)Cc3ccccc3)C2)nc1C,3.0,P2Y12,7.48,DECOY_P2Y
CHEMBL2419500,CCOC(=O)c1cc(C#N)c(N2CC(C(=O)NS(=O)(=O)c3ccccc3)C2)nc1C,3.0,P2Y12,6.08,DECOY_P2Y
CHEMBL2419480,CCOC(=O)c1cc(C#N)c(N2CC(C(=O)NS(=O)(=O)CCc3ccccc3)C2)nc1C,3.0,P2Y12,6.66,DECOY_P2Y
CHEMBL3098247,CCCSc1nc(N[C@@H]2C[C@H]2c2ccc(F)c(F)c2)c2nnn([C@@H]3C[C@H](F)[C@@H](O)[C@H]3O)c2n1,3.0,P2Y12,6.48,DECOY_P2Y
CHEMBL3098242,CCCSc1nc(N[C@@H]2C[C@H]2c2ccc(F)c(F)c2)c2nnn([C@H]3[C@H](O)[C@H](O)[C@@H](OCCO)[C@H]3F)c2n1,3.0,P2Y12,6.46,DECOY_P2Y
CHEMBL3098241,CCCSc1nc(N[C@@H]2C[C@H]2c2ccc(F)c(F)c2)c2nnn([C@H]3[C@H](O)[C@H](O)[C@@H](O)[C@H]3F)c2n1,3.0,P2Y12,6.66,DECOY_P2Y
CHEMBL3098234,CCCSc1nc(N[C@@H]2C[C@H]2c2ccc(Cl)s2)c2nnn([C@@H]3C[C@H](OCCO)[C@@H](O)[C@H]3O)c2n1,3.0,P2Y12,6.55,DECOY_P2Y
CHEMBL3288123,CCCC(=O)c1cc(C#N)c(N2CCC(C(=O)NS(=O)(=O)C3(c4ccccc4)CC3)CC2)nc1SC,3.0,P2Y12,8.40,DECOY_P2Y
CHEMBL3288127,CCCC(=O)c1cc(C#N)c(N2CCC(C(=O)NS(=O)(=O)Cc3ccccc3)CC2)nc1SC,3.0,P2Y12,7.77,DECOY_P2Y
CHEMBL3288126,CCCC(=O)c1cc(C#N)c(N2CCC(C(=O)NS(=O)(=O)Cc3ccc(F)cc3F)CC2)nc1C,3.0,P2Y12,7.38,DECOY_P2Y
CHEMBL3288129,CCCC(=O)c1cc(C#N)c(N2CCC(C(=O)NS(=O)(=O)Cc3ccc(Cl)cc3)CC2)nc1C,3.0,P2Y12,7.24,DECOY_P2Y
CHEMBL3288128,CCCC(=O)c1cc(C#N)c(N2CCC(C(=O)NS(=O)(=O)Cc3ccc(C)cc3)CC2)nc1C,3.0,P2Y12,7.23,DECOY_P2Y
CHEMBL3288132,CCCC(=O)c1cc(C#N)c(N2CCC(C(=O)NS(=O)(=O)Cc3ccccc3)CC2)nc1OC,3.0,P2Y12,7.12,DECOY_P2Y
CHEMBL3288131,CCCC(=O)c1cc(C#N)c(N2CCC(C(=O)NS(=O)(=O)Cc3ccccc3)CC2)nc1C(F)F,3.0,P2Y12,7.10,DECOY_P2Y
CHEMBL3288130,CCCC(=O)c1cc(C#N)c(N2CCC(C(=O)NS(=O)(=O)Cc3ccccc3)CC2)nc1CF,3.0,P2Y12,7.03,DECOY_P2Y
CHEMBL3288134,CCCC(=O)c1cc(C#N)c(N2CCC(C(=O)NS(=O)(=O)Cc3ccccc3)CC2)nc1C,3.0,P2Y12,7.00,DECOY_P2Y
CHEMBL3288125,CCCC(=O)c1cc(C#N)c(N2CCC(C(=O)NS(=O)(=O)Cc3ccc(C)c(F)c3)CC2)nc1C,3.0,P2Y12,6.89,DECOY_P2Y
CHEMBL3288122,CCCC(=O)c1cc(C#N)c(N2CCC(C(=O)NS(=O)(=O)C3(c4ccccc4)CC3)CC2)nc1C,3.0,P2Y12,6.80,DECOY_P2Y
CHEMBL3288121,CCCC(=O)c1cc(C#N)c(N2CCC(C(=O)NS(=O)(=O)C(C)c3ccccc3)CC2)nc1C,3.0,P2Y12,6.72,DECOY_P2Y
CHEMBL3288133,CCCC(=O)c1cc(C#N)c(N2CCC(C(=O)NS(=O)(=O)Cc3ccccc3)CC2)nc1CCC,3.0,P2Y12,6.57,DECOY_P2Y
CHEMBL3288124,CCCC(=O)c1cc(C#N)c(N2CCC(C(=O)NS(=O)(=O)Cc3ccccc3Cl)CC2)nc1C,3.0,P2Y12,6.57,DECOY_P2Y
CHEMBL3326902,CCOC(=O)c1c(C)nn(-c2ccc(NC(=O)Nc3ccccc3OCCCC(=O)O)cc2)c1C,3.0,P2Y12,7.10,DECOY_P2Y
CHEMBL3326903,CCCC(=O)c1cnn(-c2ccc(NC(=O)Nc3cc(C)ccc3OCCCC(=O)O)cc2)c1C,3.0,P2Y12,7.77,DECOY_P2Y
CHEMBL3326904,CCCC(=O)c1cnn(-c2ccc(NC(=O)n3cc(CCCC(=O)O)c4ccc(C)cc43)cc2)c1C,3.0,P2Y12,7.33,DECOY_P2Y
CHEMBL3326905,CCCC(=O)c1cnn(-c2ccc(NC(=O)c3cn(CCCC(=O)O)c4ccc(C)cc34)cc2)c1C,3.0,P2Y12,7.62,DECOY_P2Y
CHEMBL3326906,CCCC(=O)c1cnn(-c2ccc(NC(=O)c3cn(CCC(=O)O)c4ccc(C)cc34)cc2)c1C,3.0,P2Y12,8.15,DECOY_P2Y
CHEMBL3326907,CCCC(=O)c1cnn(-c2ccc(NC(=O)c3cn(CC(=O)O)c4ccc(C)cc34)cc2)c1C,3.0,P2Y12,9.05,DECOY_P2Y
